id,text,text_for_vec,text_length
c7e254ff6e829bbd379c791c06dba26a,วันนี - 14 มีนาคม 2568 รีบด่วน 400 web hosting,วันนี - 14 มีนาคม 2568 รีบด่วน 400 web hosting,46
310f05853aa67594eadcecfaeab260c9,แฟลชเซล มาก่อน ได้ก่อน 899 12 00 น.,แฟลชเซล มาก่อน ได้ก่อน 899 12 00 น.,35
a602b8402e30353896de582cfc8602d6,ifex prc ติวเข้ม tfex ให้ takeprofit ได้แบบมือโปร,ifex prc ติวเข้ม tfex ให้ takeprofit ได้แบบมือโปร,49
4eea40723af32721712529331dc268e8,สร้างรายได้เสริมจากที่บ้าน ด้วยการสอน ai เขียนโค้ด สมัครเลย,สร้างรายได้เสริมจากที่บ้าน ด้วยการสอน ai เขียนโค้ด สมัครเลย,59
c863dc028d2446a5a578c77a2efa5806,uniol0 management candidate 2025 25 บีนาคม 2568 สมัครเลย โอกาลเดียวในปนี้,uniol0 management candidate 2025 25 บีนาคม 2568 สมัครเลย โอกาลเดียวในปนี้,73
7991c6fcc4ef20a377f8c18abdc9f813,วันนีถึง 21 กุมภาพันธ์ 2568 รีบด่วน จดโดเมน com,วันนีถึง 21 กุมภาพันธ์ 2568 รีบด่วน จดโดเมน com,47
ed76a984a5d9b3284851a3aac726a6dd,wow sale 50,wow sale 50,11
a3b051fd5fae0dadedab2c9c77db14a4,"""fesn mp","""fesn mp",8
f9cfd009a36836ec19a6f2a85995e4e6,,empty_record,0
0720a71ff116ce2846ff173314a7d55a,special offer end of season sale 50 off discount on all items,special offer end of season sale 50 off discount on all items,61
87386e7c1177f3fe5f0cedf0761799f6,mondax tuesdax bux all shoes,mondax tuesdax bux all shoes,28
d5e829273d2ec34eb431bdb304ed2e43,blง,blง,3
4fbd4b2c4c347827e27ea53e2cf4325e,27 fipflop sale each,27 fipflop sale each,20
a49246a82db33e20b24ab293b010168f,flat 50 off . e,flat 50 off . e,15
17298b5a7fdfb85a78c786be39aa4bd6,sale merry christmas up to 65 0ff shop now,sale merry christmas up to 65 0ff shop now,42
e0b2fb8460042a1dfa1f2061095ad5ce,131 คอร์สตัวตึงสาย dev dea 8 next.,131 คอร์สตัวตึงสาย dev dea 8 next.,34
6468069983edc56276264a292c5fa6b1,,empty_record,0
bfbd00506062cfeff57e175f83b50d98,รองูเทาแูตะ พืนหยัก,รองูเทาแูตะ พืนหยัก,19
13fde9b2368627e536643d283f35e290,แห่งชาติ งานหนังสือแห่งชาติ ครั้งที่ 53 จัดยาว 12 วัน,แห่งชาติ งานหนังสือแห่งชาติ ครั้งที่ 53 จัดยาว 12 วัน,53
af8d3539cff71d5386eb8484c904317e,80 flash ship,80 flash ship,13
3cf87f3719b71b23bd2b17e924e82bce,"sairpods4 เริ่มต้นที่ 84,990","sairpods4 เริ่มต้นที่ 84,990",28
5d91569e74b32a08b5831d6cc5e07d22,siphone16e อัปเกรดเปน ceramic shigld เพื่อความทนทานที่ผ่านการทดสอบ,siphone16e อัปเกรดเปน ceramic shigld เพื่อความทนทานที่ผ่านการทดสอบ,66
ed564a46dd063466b8160650a42143be,,empty_record,0
f809362deb48b39eb64427c786449190,black,black,5
9697b0cc5ecb399713e847eb7ae8755d,8305 8315 8310 trip com,8305 8315 8310 trip com,23
9d682bbea983d43cdc4e64f9e9d42e9e,โปร ลดไฟลุก 60 รวบโปรเถือถ,โปร ลดไฟลุก 60 รวบโปรเถือถ,26
c57e314233737f4e73ef98b96e57a642,per week limited time jale,per week limited time jale,26
f5600808882bf151eac38f2479bec97e,s a le 50 lifestyle,s a le 50 lifestyle,19
4ffc3032fbcc48ab2263e87a6d7f0824,best prices big sale 80 shop now,best prices big sale 80 shop now,32
627dc93ec99b3b29943cc182792ace8e,เปีดรับ real estate agent โอกาสสร้างรายได้ หลักแสน เดือนในครึ่งปี,เปีดรับ real estate agent โอกาสสร้างรายได้ หลักแสน เดือนในครึ่งปี,65
03e99473b7ee9f2a8921bcb8d614205d,,empty_record,0
45586cf8c25ea5658181f55102213050,รับฟรี,รับฟรี,6
570b57648558682b8d41974f9d906244,bic sale,bic sale,8
deac37c6ae0c1eeb4af87d0d295f74b3,shoes 80,shoes 80,8
bedef834f0edc38bf7c0ca32d93db27f,siles tha best surprise have ud to,siles tha best surprise have ud to,34
ad2242141f11b1deb5a7bf063c501f46,line twelve. tshirt,line twelve. tshirt,19
629202efc276bf07eb2df9909881ee58,"ผ่อน0 ครั้งแรก ริบ voucher มูลค่า20,000.-","ผ่อน0 ครั้งแรก ริบ voucher มูลค่า20,000.-",41
7d015a45f1d16519c670954009c718c5,ลดทันที15 scott,ลดทันที15 scott,15
24f12f9f5325ef2981daeef3f27572ea,"38,790. 31,580 จาก 46 990 อาก 39,990","38,790. 31,580 จาก 46 990 อาก 39,990",36
3c8ece635fe68741ca61c105e01a76b6,ราคา,ราคา,4
60d4797dc2ac0641147b783292331a18,set ตลาดหลักทรัพย์ฯ สัญจร นครราชสีมา,set ตลาดหลักทรัพย์ฯ สัญจร นครราชสีมา,36
6789d9e1e663abe5f9a75715bdcd510a,วันเดียวเท่านั้น โค้ดลดสูงสุด 2000,วันเดียวเท่านั้น โค้ดลดสูงสุด 2000,34
5a60f7bda8223565a4778cda5364c1ea,malt 65- อร่อย บูสต์ฟลค้วย freshl,malt 65- อร่อย บูสต์ฟลค้วย freshl,33
2ade16f8550ee7193e51a31a6e684321,ล้ดิกระหนำ ส่งไวภายใน 30 นาที,ล้ดิกระหนำ ส่งไวภายใน 30 นาที,29
f7afe7dfc3687cbec125d8f16bc2e4da,sip,sip,3
f723ff931a6bd71402b4f89702394b4e,แก้วละ,แก้วละ,6
b43ce5998fb0c0f1ed6fdc7a46aeaa56,pre อ่านไหญ่ 48,pre อ่านไหญ่ 48,15
7b1803eca2f6964fba3625df64652889,"swdio macbook air 15"" ชิปm3 34,500.-","swdio macbook air 15"" ชิปm3 34,500.-",36
c56a6801cf2a06e3278d7e0faf14a697,ลดยกก๊วน อร่อยยกแก๊งค์ 40,ลดยกก๊วน อร่อยยกแก๊งค์ 40,25
a23cbf894450f739af1948606588e37a,เรืองกิน เฟรนช์ฟรายส์ ปาร์ติเซซ์ เหลือ99ว ลดเพิ่ม80..,เรืองกิน เฟรนช์ฟรายส์ ปาร์ติเซซ์ เหลือ99ว ลดเพิ่ม80..,53
58a63ee2813faf449af827904d32e473,apple norm,apple norm,10
18e0dca8274cfe39ea3da30cd67a029c,"กับความเร็ว แรงที่ชอบ 1,290. 1,990. 2.090. 24.","กับความเร็ว แรงที่ชอบ 1,290. 1,990. 2.090. 24.",46
562872781b8f3a1f44b7125056e31ede,"perplexity จำหน่าย perplexity ai ราคาถูก เพียง 1,700 ต่อปี ไม่ใช่การแซร์บัญชี ใชอีเมลสวนตัว","perplexity จำหน่าย perplexity ai ราคาถูก เพียง 1,700 ต่อปี ไม่ใช่การแซร์บัญชี ใชอีเมลสวนตัว",91
c8cd62137a66bb3ef7e911b1fdd1968e,business manager ปลดล็อกพลังข้อมูล เชือมต่อกลุ่มเป้าหมาย บน line ecosystem line ads 20,business manager ปลดล็อกพลังข้อมูล เชือมต่อกลุ่มเป้าหมาย บน line ecosystem line ads 20,86
38c157bf5c0f39e20ed833fa0d06fcb5,ลด 100. เลย ใส่โค้ด lineman รับเงินคืนรวบ 1000.,ลด 100. เลย ใส่โค้ด lineman รับเงินคืนรวบ 1000.,47
93f0090db5d1f516b691d9763db0edab,"new gen ส่งฟรีลดกันให้จ่ำ ดับร้อนด้วยแอร์ประหยังไฟเบอร์5 8,299.- ผอน","new gen ส่งฟรีลดกันให้จ่ำ ดับร้อนด้วยแอร์ประหยังไฟเบอร์5 8,299.- ผอน",68
cb73703ce1c5905321c97bb815df27c4,"แว้นกรองแสงลดโหด0 1,352 1,470 1,470 2,541","แว้นกรองแสงลดโหด0 1,352 1,470 1,470 2,541",41
d62d443ddd42258a7aff1b454c5ca116,ยักษ์ อ่านใหญ่ 048,ยักษ์ อ่านใหญ่ 048,18
12a98ef55ae171f1d4579a63cd7a9903,academic entrance scholarship,academic entrance scholarship,29
a1ca7cb573e112b9d70f65531f9a0c52,"acer 37,990, 39,990.- amda","acer 37,990, 39,990.- amda",26
01478c67eef67fa9cdc607c91c1b7b7c,ลดสูงสุด,ลดสูงสุด,8
f049f302388642dc6689943b8b85faa9,"เป็นเจ้าของก่อนไคร ราคาฟรือฮเดอร์ 22,900. ราคาปกติ 24,900.-","เป็นเจ้าของก่อนไคร ราคาฟรือฮเดอร์ 22,900. ราคาปกติ 24,900.-",59
dd9fe7df3f3300acddd980703bb6b40a,โค็กลิต32บอด เพียงมา4 ท่านขื้นไป,โค็กลิต32บอด เพียงมา4 ท่านขื้นไป,32
1960a9e4dd6ddefe1be688d66716e7d2,prebiotics strains 16.8 s zinc vitamin ุ,prebiotics strains 16.8 s zinc vitamin ุ,40
e57c1ce58b3cf08ddd7cb017a81605b2,"1,000","1,000",5
72cb1ccafb0a7f17e7dacdb99eacd47a,48 เค่ม,48 เค่ม,7
4c4e8ba1859d0ea5c4dabd3aa4285d25,on 3 5 off top discount ontop,on 3 5 off top discount ontop,29
a4021a340bc1cc844646aab06512a758,"z..x ชีเสิริฟ ความอร่อย 1,250.","z..x ชีเสิริฟ ความอร่อย 1,250.",30
7f55adde0d2bc067e7e3b25a48b46145,kbank แลกรับเครดิตเชินคืน 10,kbank แลกรับเครดิตเชินคืน 10,28
e91a72df0ab2fb8c01e9cad00676d0c5,sale 25 off 23summersale2s,sale 25 off 23summersale2s,26
d68a830271264ac1169a37cf47541024,lego sale 70 mar 25 summer 27-30,lego sale 70 mar 25 summer 27-30,32
055acd65b91e3bf365ff0ab3453b7efa,สำหรับผู้เริ่มต้น,สำหรับผู้เริ่มต้น,17
2641848835f35232a2d29e26a0da9773,มาก่อนได้ก่อน จากัด เริมเวลา 12 00 u.,มาก่อนได้ก่อน จากัด เริมเวลา 12 00 u.,37
0f50ad35fcb5ada890a44e2e6dcddfea,"xs black coffee . xs 250 450. 940 1,000","xs black coffee . xs 250 450. 940 1,000",39
8825126d73f9e0712ae21b1c12a3b13b,"oe steam irown 2z 1,799","oe steam irown 2z 1,799",23
984851dee8a8c19928d952d43c46fb7d,gsb แลกรับเครดิตเงินคืนสูงสุด 15,gsb แลกรับเครดิตเงินคืนสูงสุด 15,32
68fe8df3ec72645cce9c3a9c3110e7da,30,30,2
fbcadecd91b0379ed05a8e1ab924e6f2,central rama9 special รับสิทธิ์จับรางวัลพิเศษ cash 100.,central rama9 special รับสิทธิ์จับรางวัลพิเศษ cash 100.,55
05acb425976f1ff47703c09fac06b604,central rama 083 145 6339,central rama 083 145 6339,25
fe745a0460a18cd83e635187508fe6f5,90,90,2
70219b3c38377a2d4ae3f4c21070e56a,everpink bu1 get1 free 490.-,everpink bu1 get1 free 490.-,28
b2e8dceb2da4fe515bcb1b36dea581f7,"oyson รับ the 40,000","oyson รับ the 40,000",20
3e608377610bce7d342cb98c134eb9e5,sa e 50,sa e 50,7
f228dbac8a401754893b59a004cf088b,,empty_record,0
4233ba1806c16e191a68e5cc50968dea,everpink รับฟรี wingman มูลคา299.-,everpink รับฟรี wingman มูลคา299.-,34
987375ac0c5a168074e6647ba0adc1a1,membercad 199บ,membercad 199บ,14
4b2babc723fde9229922937e677412e4,,empty_record,0
1c207f4bd3fa193c70f360b987a3336d,a50,a50,3
dcf0eb8225a68fac04a8abeaf9eee2fa,mien s women s shoes,mien s women s shoes,20
529f0f94444c8c057e51a012a276d15c,บบ อaิ sieิบ,บบ อaิ sieิบ,12
88bd656ba75395062218e3ca82a8e245,สงกรานต์ะtemบ ลดราคา 813,สงกรานต์ะtemบ ลดราคา 813,24
0f3d131d0d367b6efea52c7f04011b28,everpink 16 ชม.,everpink 16 ชม.,15
fcae83586b817cffb5eb05b52e7e85c4,แลกรับเครดิตเินคืน 100 บาท,แลกรับเครดิตเินคืน 100 บาท,26
03a24bbb2e204354893193a1a45039ba,no.1 ย่านเอกมัย,no.1 ย่านเอกมัย,15
05628b3ef6e98b33480e72dcf2a07d26,super sale off,super sale off,14
3c593405d0caad2c9d7a527a1cd56c3c,ttkbootstrap,ttkbootstrap,12
915bd67ae25e5eeb5a4a9cbf9dd41e66,"macbook pro 14"" macbook 14""m3 max cto 100,900.-","macbook pro 14"" macbook 14""m3 max cto 100,900.-",47
27a69b6b33deb748f79f1fc7e91f496f,sale,sale,4
2b14212a241b807c02e9b3cffede0943,คนพบวิธีย,คนพบวิธีย,9
edfd777d054b0660146272e243e69766,อบรม xcer coding robotics kmitl จัดอบรม ถ่าน coding robotics,อบรม xcer coding robotics kmitl จัดอบรม ถ่าน coding robotics,60
339a235138e64e82da4f45a8a408b698,รับเครติตเขินคืน 13 ttb,รับเครติตเขินคืน 13 ttb,23
119c22b7cc0ca6af4159352442d354b1,999,999,3
89cca39864add5cc8a37af95e8d51fee,konvy มีนานี้.โปรจี้งง ลดทังเดือน 50,konvy มีนานี้.โปรจี้งง ลดทังเดือน 50,36
cc6a7fe78acc310141bd6cf2b84b9f9c,ekkp senior software engineer,ekkp senior software engineer,29
b8e1db4756e2002dc37593c1ee6ed584,exclusie kinc rower deal for you 40,exclusie kinc rower deal for you 40,35
5dd72ab0fcfb7914e1bc4ed385af7eba,piece,piece,5
fd7fe46ec70511126ccce1c08069078c,konv ปปรจิง sewa ซื้อ แถม 368,konv ปปรจิง sewa ซื้อ แถม 368,29
fb382bb2f2002fe3a35947e3c5e04f4d,"18,250.-","18,250.-",8
2125577e877d6678874869e8200d95f9,"macbook pro 14"" m3 max 76,900.-","macbook pro 14"" m3 max 76,900.-",31
85d91f44357fd8593c3b0852e1b6e1a7,"คุม 2 ต่อ เมื่อซื้อสินค้าครบ บาท ลด 1,700 บาท เมื่อชือสินค้าครบ double sale 700","คุม 2 ต่อ เมื่อซื้อสินค้าครบ บาท ลด 1,700 บาท เมื่อชือสินค้าครบ double sale 700",79
b7a03c00212392451b473335a1924fa7,ลดเหลือ 76 บาท,ลดเหลือ 76 บาท,14
5c841df449f7e8a0b95e32cb23c03728,60 sony store,60 sony store,13
f3ebe773fa8c324002e2d0021366ae11,reate creator .,reate creator .,15
3e4e454c4ed98c79f544e441020e0abb,konv ปปรจิง kose ซื้อ แถม 3128,konv ปปรจิง kose ซื้อ แถม 3128,30
ca90bd51055ca88d1642484da8df8d78,us school กลับมา workshop in bangkok,us school กลับมา workshop in bangkok,36
86f31c47cede58ea9e4a3ba5fcb2eead,"วัคซีน 8,500. 20,800,","วัคซีน 8,500. 20,800,",21
3c1ec9f131847750746dfbf0767ca4cf,fresh ปักหมุด soft เสื้อผ้าหอมใกล้ฉัน fresh soft 25 พาษ 26 พิกัด,fresh ปักหมุด soft เสื้อผ้าหอมใกล้ฉัน fresh soft 25 พาษ 26 พิกัด,64
9a4fafd7256fb310e6c0b82989ca7d41,รับ 3500- ขีบไป วับ,รับ 3500- ขีบไป วับ,19
8169be51616484aff5e687cb2da969cf,how to use chatgpt at work,how to use chatgpt at work,26
d36c5dff8c6131a31853c25b770a563e,ลด,ลด,2
79448b01f7b6f78e2a351eb61dd68d91,free cleaning service,free cleaning service,21
8962b6ef8c97ddcef85b82c51438e311,ฝนดี 3 ต่อ sweet dream lucky draw,ฝนดี 3 ต่อ sweet dream lucky draw,33
18b0aba0ac7dd9b7bf1c9e51734e2038,"data science 48 ชัวโมง 3,000.","data science 48 ชัวโมง 3,000.",29
934af448fa4b521023485935497506e5,สมัครขับแกร็บเดื่อนนี้ รับโปรจัดหนักฟรี2 เด้ง เด้งที่ เด้งที2 ร ค่าสมัคร,สมัครขับแกร็บเดื่อนนี้ รับโปรจัดหนักฟรี2 เด้ง เด้งที่ เด้งที2 ร ค่าสมัคร,72
bbbcb8f9e63d0359230ae3738f86a409,nike จัดโปรแรง,nike จัดโปรแรง,14
a79d3eec2975450f053925a2b20de54c,the worlds first entrepreneurshlp apply now,the worlds first entrepreneurshlp apply now,43
bd2371502254f0447d490fb3a0985457,a startup essentlal,a startup essentlal,19
e4f5e0e45902b4078c97c4c3ce6ccb73,ใบ cloud natve with azure container apps,ใบ cloud natve with azure container apps,40
ee6d4148e0e7ec8ba049623c603aecb0,ไม่มิฬิงเกอร์เขฟ ราคา 3550 999 topdf,ไม่มิฬิงเกอร์เขฟ ราคา 3550 999 topdf,36
6d70a3fa3acb24945a36d011decaf553,สูตรไหม่ กลิบ วานิลลา ละมุนเกินต้าน,สูตรไหม่ กลิบ วานิลลา ละมุนเกินต้าน,35
69962deac902a9d81fd77e579b5e1c67,jabra โปรโมขัน 4d,jabra โปรโมขัน 4d,17
e8e68d8d8f3645df402aec170eae178a,advice ผ่อนนานสูงสุด 36 next extra 10 pay,advice ผ่อนนานสูงสุด 36 next extra 10 pay,41
667b0708fac3d61ddf8bb390731ba36d,หลักแกรมมาร์ ออกสอบ toeic,หลักแกรมมาร์ ออกสอบ toeic,25
5ac6f06ed9bf21b2f9dc87ce2660bd75,"mega 3,540.","mega 3,540.",11
49f486cba3140775c79984c24fb30dfd,"logilech - 4190.- ,990.","logilech - 4190.- ,990.",23
bd1faa4278bbc26f7e4154409f401ac7,too,too,3
36f8806bb88150034270eec119049b7a,"dwo6 ซื้อฟรีทุกวัน risk, high return high","dwo6 ซื้อฟรีทุกวัน risk, high return high",41
6f67e51e95a5ae7c3335acb01e008900,",12,400.- 1,000,- istudio",",12,400.- 1,000,- istudio",25
3eee65152ddd5db5e84a4c43c8377729,"bam ดูดีทุกมุมด้วยเอฟเฟิกต์สตูดิโอ ใน windows มุลค่า790,","bam ดูดีทุกมุมด้วยเอฟเฟิกต์สตูดิโอ ใน windows มุลค่า790,",56
9ff15af494420e32c21b08d838109076,happy hour thu 17.00-20.00 asahi tower asahi ปกติ free 999 1แก้วเล็ก,happy hour thu 17.00-20.00 asahi tower asahi ปกติ free 999 1แก้วเล็ก,68
5ddae78710e807fb0e5df238ec1bb091,,empty_record,0
ee33da00298144a43fd2e080792abce3,ลด พิเศษ,ลด พิเศษ,8
d5a82c040f6bad4aa596d95dc2a08bf7,280บ juice grabfood,280บ juice grabfood,19
acd030d42bbb538b35ef9ebdefd0eaa4,. . .,. . .,5
4ad2868f4af9818947bdb630dc9b45c6,สุงสุดวันละ 200 บาท,สุงสุดวันละ 200 บาท,19
23f4f4d38470b178e549829306be070a,",3,590.-",",3,590.-",8
c514ab8546156c541389280c9d6329d6,qdบาท เรียนชีววิทยา เข้าใจเนื้อหา ในราคาประหยัด,qdบาท เรียนชีววิทยา เข้าใจเนื้อหา ในราคาประหยัด,47
3046a20c57d16f34f0d043f6eb8758c7,"สลักชือฟรี . . gen4 1,290.","สลักชือฟรี . . gen4 1,290.",26
ba70a1fd2391851c3f08c7001353ce52,. gaga overload m gac แก้วละ 40 บาท ใส่โค้ด lineman' เมนูถัง คนสังเยอะ รีวิว,. gaga overload m gac แก้วละ 40 บาท ใส่โค้ด lineman' เมนูถัง คนสังเยอะ รีวิว,76
bf36e3ca2425524f888153e405cbf34e,,empty_record,0
d5adec485734443d781b334e6c42e918,รับส่วนลดคอร์สเรียน generative ai prompt engineering idem,รับส่วนลดคอร์สเรียน generative ai prompt engineering idem,57
9eabc965580dfe3479fd24e934fd1b67,ม.1 amo1 900 popmath,ม.1 amo1 900 popmath,20
fa1ab7107e4a544835d635b96b393b5b,30,30,2
27c0bc5e1cbf29419a1c732dfe4943e5,"sm4kit 13,900 รับฟรี","sm4kit 13,900 รับฟรี",20
605888db1471bd0bd1c26df21d63d17f,"insta360 think bold. insta360 x4 16,000","insta360 think bold. insta360 x4 16,000",39
5aaf4b60e0ede0929d34212307a081a8,bingo กิจกรรมรวบสนุก ทายเลขท้ายสองตัว รับ voucher บูลค่า 2000,bingo กิจกรรมรวบสนุก ทายเลขท้ายสองตัว รับ voucher บูลค่า 2000,61
3a38e74ac37812912805190f2bccb7e3,ชี้เป้า office แท้ ลด ราคา สวนสด 8500,ชี้เป้า office แท้ ลด ราคา สวนสด 8500,37
c72e23288d7ebeb926b0cbe02b4997d9,summer hbody,summer hbody,12
e6a9eab13a1c64b2c6f1fc20ab879dc1,โปรทดลอง are 499 จัดสงฟรี yes,โปรทดลอง are 499 จัดสงฟรี yes,29
7d8314b18e18c07fc126a99f4955d657,u. store watch ควบคุมทุกกิจกรรม บนข้อมือคุณ,u. store watch ควบคุมทุกกิจกรรม บนข้อมือคุณ,43
d0292dcadc048fe40722541d6146c11e,"อายุผิวหนัา ขือ5 8,500.","อายุผิวหนัา ขือ5 8,500.",23
1909abc4570036bf6a51767980e0a1dc,"รากฟันเทียม ครอบฟืนเชรามิกล้วน 39,990.","รากฟันเทียม ครอบฟืนเชรามิกล้วน 39,990.",38
26cfccd50c6a5e4def5895e0f3ca79f5,.,.,1
23b8a47a72c52aede78de398cfcb7ba2,"up to siie 15 "" 6 50","up to siie 15 "" 6 50",20
c0692452b15028daa30ef22353fece8b,march sala 50,march sala 50,13
74b35fa3bcaf7543b870e2f077d53702,ช่วยผู้ประสบภัย ไทยพาณิชย์,ช่วยผู้ประสบภัย ไทยพาณิชย์,26
cdaf16564d5b888164b119bed93c5417,,empty_record,0
2776a9d67fed520ffd5f357250b1225c,เปิดบ้านครุศาสตร์ จุฬาฯ,เปิดบ้านครุศาสตร์ จุฬาฯ,23
1645e458227b6eb11bd3739497fb6c90,"225 โปรจับคู่หน้าเรียว ร้อยเหม4 เสิน 9,999","225 โปรจับคู่หน้าเรียว ร้อยเหม4 เสิน 9,999",42
ca6ef568afcd98597dc017f4f41c6e29,พิสูจนพลลัพธ ดูอิ่มน้ำทันที 240 20,พิสูจนพลลัพธ ดูอิ่มน้ำทันที 240 20,34
c4feb5b94ed8278b3e8ac70795125aa2,15. 420 60.,15. 420 60.,11
7d89bf6bcd7e5be185392a488570d24d,"mesofat สลายไขมันเฉพาะจุด'ลดการสะสมของไขมัน 2,990.","mesofat สลายไขมันเฉพาะจุด'ลดการสะสมของไขมัน 2,990.",50
ac3e90d6227c7d2abb1ea84155a07705,"เรียวยกแผง 19,900 ultrafarmer","เรียวยกแผง 19,900 ultrafarmer",29
5405bac192fb330670c1fd84b2e9bb19,"kama 1,999.- ยู้","kama 1,999.- ยู้",16
cc4c660f150a5ea7d1ef7f42acf5781d,"ลดสูงสุด 50 ธับsamgiftcard สูงสุด20,000.-""","ลดสูงสุด 50 ธับsamgiftcard สูงสุด20,000.-""",42
7f128c2155ba3bc7c5f200ad17a0693e,"เปลียนหน้าดุ fix เป็นหน้าละมุน 69,000.","เปลียนหน้าดุ fix เป็นหน้าละมุน 69,000.",38
eaf371afc5cdf8619fa411a2e01ca728,"lift up chair 44 29,900.-","lift up chair 44 29,900.-",25
9d11c63900a65a04581d00169ce31249,"599. 249,","599. 249,",9
a8bae96da7ca5e8e4b0ebf58b6b94670,"black swan"" คืออะไร black","black swan"" คืออะไร black",25
b35102aafaf91000bb66abedc84b4d16,"inbody inbody h3onwi 12,510.-","inbody inbody h3onwi 12,510.-",29
ebcc0214ad07bf7a38a1e6c63a59917b,งความสำเร็จธวนความรู้ ลดสูงสุด2 5,งความสำเร็จธวนความรู้ ลดสูงสุด2 5,33
c62ab2c8017e0f4eb8719440d84112c4,".ง 3,999",".ง 3,999",8
60225a2c3442a68f0bb9d551dc886537,1234 sahui,1234 sahui,10
6bb0ee957fdb5a2f384b6f5c5e729a5e,venice,venice,6
078bd8937ea34406099f43d393d523fd,1,1,1
3d26eb0f364515ae7e41ac26a6ea6de3,"สนใจ bmw x3 คลิก 33,xxx.","สนใจ bmw x3 คลิก 33,xxx.",24
4f5b2676c3ccec5f2531e50b9c76b100,แถม 1 ultherapy 2 sculptra juelook อีดหนัาla ทุทยิท้อ,แถม 1 ultherapy 2 sculptra juelook อีดหนัาla ทุทยิท้อ,53
4987a781d9e3348ba2a2957e2d859863,blossoms like never before,blossoms like never before,26
60eb3ee6ecd1db948f5f211837b2ee76,ยกทัพ46บท 35เอเจนซี สถาบันการศึกษา เข้าฟรี,ยกทัพ46บท 35เอเจนซี สถาบันการศึกษา เข้าฟรี,42
2dc506348ae568e419ee078da44d3c3d,ออกรถวันนี้รับ ดีลพิเคษ otor ออกรถเริ่มต้นเพียง ผ่อน,ออกรถวันนี้รับ ดีลพิเคษ otor ออกรถเริ่มต้นเพียง ผ่อน,52
22e148d2f16d8baef4615f397b4bc150,ล่องเรือ เจ้าพระยา 599,ล่องเรือ เจ้าพระยา 599,22
c87654991a43e9ae943d6c68c58667f4,advice ซ่อมฟรี ค่าแรง มือถือ,advice ซ่อมฟรี ค่าแรง มือถือ,28
65bb3389df35c4c5d317ea4c3d542d32,จอง โปรโมชัน เดือน,จอง โปรโมชัน เดือน,18
5999733f28f9f78f61a3fb23c0ed2aa5,ไอเทมเด็ด ช้อปง่าย ผ่อนสบาย,ไอเทมเด็ด ช้อปง่าย ผ่อนสบาย,27
4a13951faedcd6812cdb8ad06487f42e,. แจกฟรีโหลดด่วน กดกันได้เลย epic games store,. แจกฟรีโหลดด่วน กดกันได้เลย epic games store,45
5264e3c5643c6b7c79acb684bb03f834,"motor show special certified pre owned deals พิเศิษ 3,790,000","motor show special certified pre owned deals พิเศิษ 3,790,000",61
16f1f7c21ac4c1df79ec8f676776f5e3,ชัมเมอร์เซฟี ลดสูงสูด 500 - 000 -,ชัมเมอร์เซฟี ลดสูงสูด 500 - 000 -,33
a89d8f3ec13b8fb021183eed9b28c7c6,boom พุ่งทะยานสู่ความมันส์ ใจกลางกรุง boombaybay2,boom พุ่งทะยานสู่ความมันส์ ใจกลางกรุง boombaybay2,49
04771f6089ca8461006dd2bcb57fe6b0,,empty_record,0
3f6d06ad30f914551dbfed5d68c712f4,"เริ่ม1,500 inight","เริ่ม1,500 inight",17
ef6c2612a09c3443e14d62378da20433,"ใดล่อง 4กล่อง 690,- 1,790.- 8ดล่อง 3,290. 5,690. จัดส่งฟรี 061-0246539","ใดล่อง 4กล่อง 690,- 1,790.- 8ดล่อง 3,290. 5,690. จัดส่งฟรี 061-0246539",70
afac06f70a13d21432e75b219821fae3,"2แถม2 3แถม4 6แถม8 380.- 990,","2แถม2 3แถม4 6แถม8 380.- 990,",28
f4af3ee5d37819a8c8f7d74702028906,ประกันภัยเดินทาง dinsure ดูแลให้ทังครอบครัว 24 ขัวโมง,ประกันภัยเดินทาง dinsure ดูแลให้ทังครอบครัว 24 ขัวโมง,53
67966bbd8dd1280a5339297eb66ff578,อัยัสเตรเลีย 10 sat อย่าเพิ่งไปเรียน,อัยัสเตรเลีย 10 sat อย่าเพิ่งไปเรียน,36
0a87297777b8d678bd92f59223a63fbd,"9 แอปคนไช้รถ ev ""ต้องมีติดเครื่อง"" pea","9 แอปคนไช้รถ ev ""ต้องมีติดเครื่อง"" pea",38
13c58c0988e827711cb2cadef5c9bcf8,การสร้างและบริหารร้านกาแฟ ลด 60 ครังแรกบน steam,การสร้างและบริหารร้านกาแฟ ลด 60 ครังแรกบน steam,47
dc29ae1df7d41fdb28f885e27721c12a,"8,290.","8,290.",6
452308a7a5c72ea80d925836f54fa7ec,,empty_record,0
bb8d5d0979f56e72fe9d13610f1e61c1,swiss 134999,swiss 134999,12
82b6d96bddd628e5edc45bc8271c8c27,,empty_record,0
c679f77bddb05ec600720087fad3acfa,exclusie tourist privilege bolt,exclusie tourist privilege bolt,31
23c35d5883671ab9ec142df15512f088,41 b910.29 helldiers 2 เกม co op คน ตะลุยฝงแมลงเอเลียน ลดเหลือ 910.29 บาท steam,41 b910.29 helldiers 2 เกม co op คน ตะลุยฝงแมลงเอเลียน ลดเหลือ 910.29 บาท steam,79
bea7a10a19b275fa38c6f703e9d160b7,500,500,3
36a3e13fe0cdd35c404791512d891678,lazada ลดสูงสุด 50 cb โค้ดลดเพิ่มอีก 10 shopee,lazada ลดสูงสุด 50 cb โค้ดลดเพิ่มอีก 10 shopee,46
f49f735aaab42a54d1c38e75c30c861f,ยู่อนู citi,ยู่อนู citi,11
99ae1939cb9731b447583d61065a93c5,วันนี้-31 มี.ค.,วันนี้-31 มี.ค.,15
3d14d2bcab304b952a117893eeea3b7f,,empty_record,0
1f801956d43c92ae0afdf4c2e40610f1,"3ผลลัพธ์ top thcilond 300 . 15,990","3ผลลัพธ์ top thcilond 300 . 15,990",34
176b1984092bb1d62470afe08ffdc464,350 50 บาท,350 50 บาท,10
614afc3d41de87f46b6f868d6c1d7e42,หลุดวันวาชจำหน่าย ti,หลุดวันวาชจำหน่าย ti,20
782aa0b04102407f6ef62408a4aea38b,,empty_record,0
d68fd50260878f7cab2220b647cf425c,best best express 25,best best express 25,20
52ecab07caf221510bf19d4d1e7f6572,40 สายเคินทางห้ามพลาด ลดสูงสุด 40 shopee เท่านั้น,40 สายเคินทางห้ามพลาด ลดสูงสุด 40 shopee เท่านั้น,49
f481dbdde7302daeccde970c67acf944,.,.,1
35cdf4fc65d0c1cc7fc38fc179e06d03,"boombox 3 wifi 24, fon","boombox 3 wifi 24, fon",22
5de4f92e3d48b9701490f3f323c72e6c,headphones sale,headphones sale,15
3236291f28fbf4d4e794ddaa1d519fff,live streaming kittyumbs scop,live streaming kittyumbs scop,29
2d8300a9cf8ce1f4d4f8272a1318cbf1,co op คน ล่ามอนสเตอร์ธีมญี่ปูนp 857.29 wlld hearts ลดราคาเหลือ 57.29 บาท ea app,co op คน ล่ามอนสเตอร์ธีมญี่ปูนp 857.29 wlld hearts ลดราคาเหลือ 57.29 บาท ea app,79
01ac1fed9fdbbb1cd6fe15cf8752b720,"8,990.","8,990.",6
843e9fb5a94f3acd8c9676fc5decf754,"๓a per วิถีชิวิตชาวบ้าน 2,790.","๓a per วิถีชิวิตชาวบ้าน 2,790.",30
a50d3d6f35b48dbb9cc706210904ac02,backdrop room,backdrop room,13
d50fb95c03f52ad9fafd8d2dde29351a,"summer promotiom 1,000-","summer promotiom 1,000-",23
f30d4b78d41e6e4d5dc598c07f9f8c04,can,can,3
944496de27825dbfa5fe0973be0d5336,พูลวิลลาสวนตัว ยังอาบวย,พูลวิลลาสวนตัว ยังอาบวย,23
96ff4d34359163d50b8fdf3a7817efb2,"zoochiosis 'ลด 25 ครั้งแรกบน steam"" 25 รับบทคนดูแลสวนสัตว์กะดึก ดูแล ให้อาหาร และเอาตัวรอดจากสัตว์ ติดเชือกลายพันธ์ใน zoochosis","zoochiosis 'ลด 25 ครั้งแรกบน steam"" 25 รับบทคนดูแลสวนสัตว์กะดึก ดูแล ให้อาหาร และเอาตัวรอดจากสัตว์ ติดเชือกลายพันธ์ใน zoochosis",127
2805dfcb7d25517056e60e87b97ba255,สงสุด 50 sod. รวมโปรเป๋าลากลดแรง สงสุด 80 สงสุด50,สงสุด 50 sod. รวมโปรเป๋าลากลดแรง สงสุด 80 สงสุด50,49
3a5790f1af0852b837a6e9b5d328452f,,empty_record,0
c57bc707c3df0f26168265a029bf41fe,tourister saleup10 50,tourister saleup10 50,21
90d0feb3c3b3ea70be4f411be9ade1cd,,empty_record,0
84efac16b70ce2328a37db701dc3d748,เปิดขายแล้ว 1.200.,เปิดขายแล้ว 1.200.,18
4bd223ce62ed2f5d1b16d86afeb7ffbc,"โปรตั๋วเครองบินไปจีน กรุงเทพา 82,770 กรุงเทพา 82,329 tip com","โปรตั๋วเครองบินไปจีน กรุงเทพา 82,770 กรุงเทพา 82,329 tip com",60
0711f56bfe9e5f9813f02ee4dee2e256,trip.com 7.7mega sale lowest flight deals s,trip.com 7.7mega sale lowest flight deals s,43
cef90b280acd839d3e7b3abbfdbab52d,"แว่นกรองแสง 1,351 1,470 2,541","แว่นกรองแสง 1,351 1,470 2,541",29
f11216cac5c1d6018e843768e4a5cc2e,"line oa mitrbkk 2,990.","line oa mitrbkk 2,990.",22
f67f15fabb03da99221105887d503c78,kii 27 mr 9apr 2025,kii 27 mr 9apr 2025,19
8e4014aaa6b88fb5770b4b06901346c3,"ตัวท็อปพร้อมชุดนาเต็มตู้เลย rix 5090 ตัวท็อป asus นอก นอนตู้ ราคาป้าย 126,400 บาท","ตัวท็อปพร้อมชุดนาเต็มตู้เลย rix 5090 ตัวท็อป asus นอก นอนตู้ ราคาป้าย 126,400 บาท",81
a10380a534a03a263b5c84198178567a,asus เปิดตัวบอร์ดใหม่ amd b850 ช่อนหัวต่อไว้ด้านหลัง,asus เปิดตัวบอร์ดใหม่ amd b850 ช่อนหัวต่อไว้ด้านหลัง,52
43266918521c596c507e64e8daf7561d,pre order,pre order,9
dedfbc40d35d0c95a9743a933f9911cb,biore biore biore 285.,biore biore biore 285.,22
2e0c2dcc1f7dbc01043fbbefb0381181,fwee ลดเกือบครึง จากปกติ 394. 673,fwee ลดเกือบครึง จากปกติ 394. 673,33
5f9e91fa263e5f195076692fe8b5ec85,บรีสทอกเซล x6 ปรีส 779. งาก1110ว 1350,บรีสทอกเซล x6 ปรีส 779. งาก1110ว 1350,37
37117f3b124ffc7faf7d79503225037d,pnotno,pnotno,6
017186a23e0efe17893ef9b8c225b9cb,hs80 rgb usa wiaed ตืมด่ากับเสียงสมอริง คมชัดทุกมิติ,hs80 rgb usa wiaed ตืมด่ากับเสียงสมอริง คมชัดทุกมิติ,52
d1c229bee5d7b34aefd1e975525fc859,แก้ว starbucks ลดสูงสุด 70 เริ่มต้น,แก้ว starbucks ลดสูงสุด 70 เริ่มต้น,35
f6ad7157731d3edd2d014e2d8ca8e4c5,ผ้าใบขาวดำเท่ 597.-,ผ้าใบขาวดำเท่ 597.-,19
bc5710edaa6dc631d94bd26725516a19,"nikon coolpix p110o 80,900-","nikon coolpix p110o 80,900-",27
f39762f1a790dc1f8d527279f82a7178,คอลใหม่ minecraft เริม390.- ดู้มมมมม,คอลใหม่ minecraft เริม390.- ดู้มมมมม,36
50c9e2847a183a8815e01e0e2c97ed11,v 35,v 35,4
0d3f17e32dd8a01b83a8bbd09ac3632e,,empty_record,0
3da0c85feb2e0b19699b316c88f59933,acer intel. aspire vero,acer intel. aspire vero,23
3902b04d16aa757ad03c7b8e3dafd21a,assassins creed,assassins creed,15
18df1f32817938f41d816a58e680a51e,loos,loos,4
1eae3dc1a76aae4385a253f61eb1087e,amda,amda,4
21070ddc3a412ca6c7068a49ca1ec7f3,ลิกดีไซน์ iphone 17 pro หลังเครือง อะลูมิเนิยม กระจก,ลิกดีไซน์ iphone 17 pro หลังเครือง อะลูมิเนิยม กระจก,52
f300cbb1c36d4981e2676c63af5c7b1a,เซลใหญ่วันเกิดลาซาด้า,เซลใหญ่วันเกิดลาซาด้า,21
f5b7147af02a2417cf9fca7c62565a6f,,empty_record,0
1ab4860e0ef8160449fe245412f15f4f,เร็วแรง ประหยัดพื้นที่ asuss5 mini tower,เร็วแรง ประหยัดพื้นที่ asuss5 mini tower,40
fa3c0369ba3577ebe9b460e30bab49bf,iike buv,iike buv,8
1776a44d59f28f756f3a360a6c58b007,ไมค์ razer seiren mini 990-,ไมค์ razer seiren mini 990-,27
ee66cc6a81f57ea0b97e055c6540a12a,shoes,shoes,5
2950373add77ba829d9d2792617da9b4,,empty_record,0
f22ad1d29b82d81bd422fdb132c56c5c,490 ไอเทมดับร้อน,490 ไอเทมดับร้อน,16
a471d8923f1f6f73acd0c8c00cd9e920,race day,race day,8
4671c7271777da2312077ed90b8dc4df,tops whatkind suitsyou,tops whatkind suitsyou,22
c6931efe80d41dfc70f16c6e4e7f2336,,empty_record,0
33d040716153c0e0b9f49c851e612791,core i9 gth gen 5.0 ghz cores 16 threads,core i9 gth gen 5.0 ghz cores 16 threads,40
137b12094735f82d8c26e8a7b6da15b4,"โปร ssd จัดมาลดอีกรอบ wd black sn770 5oogb เหลือ 1,291.- itb เหลือ ,604.-","โปร ssd จัดมาลดอีกรอบ wd black sn770 5oogb เหลือ 1,291.- itb เหลือ ,604.-",73
c6a686f18e116c7f6c1f4db5ce02258f,bethe,bethe,5
fe63ef665c19eb420c4e414738b12dfc,add music to your swim . .,add music to your swim . .,26
a8b00ec4f5e9c5fd2db6f424a143b4fa,reco pr0 raso,reco pr0 raso,13
18d348015c5156fb5e9ca4a63ce423c6,nonce คีลแฟชันลคปิงฉลองวันเกิด ลดสูงสุด 50,nonce คีลแฟชันลคปิงฉลองวันเกิด ลดสูงสุด 50,42
e32d71201a737beabb88523dfd801c06,"vaccum, wipe dryinone","vaccum, wipe dryinone",21
5eee92e77a9245b1465e8c976f14484a,hatariยu 18 พัดลมสไลด์ s18m1 laemthong group,hatariยu 18 พัดลมสไลด์ s18m1 laemthong group,44
9846e40f548f300967c17756ac66782e,"primer0 42 69,900.-","primer0 42 69,900.-",19
5f75499384ef2bb54d531d17f4c5d5f5,29 march คู่กันแล้วดี ดีลพิเษที่ต้องมี ซื้อ แถม2,29 march คู่กันแล้วดี ดีลพิเษที่ต้องมี ซื้อ แถม2,48
f304b9bce644a163093bb2857361949e,,empty_record,0
655ef923d400ea95d723cd86f6a278c2,camera control cover,camera control cover,20
8ce628d322e0bbbe61be3d71c941333d,,empty_record,0
c05ea21cb87c5336f872a69e75663c4c,new year ปีใหม่ หุ่นใหม่ inbody,new year ปีใหม่ หุ่นใหม่ inbody,31
e789c57ea1e8baf7d39da821568cc987,advice ซ้อป notebook deskiop a 1500,advice ซ้อป notebook deskiop a 1500,35
ac2f7330263cd07cb6f5bf99760dd26e,card holder,card holder,11
22bc37023a493d706204bc974b8eaf33,et,et,2
a78025f4f05f3f68eeb7eb295cbec455,"blaze 1,890.-","blaze 1,890.-",13
8dcc1f73128a4d4beb58231c4c55be63,ใช้ฟอยต์,ใช้ฟอยต์,8
9ef13aa553e04cd8fea1af055877203e,"ราคา 12,990.-","ราคา 12,990.-",13
86a4bed495292f4271450f4458f7bd6a,เกมประจำเดือน เมษายน,เกมประจำเดือน เมษายน,20
5afca3759c2b9aa00d4cad63fa67c9fb,mediheal 599,mediheal 599,12
fd5d58ab853ef6fe65e1e93f1d7112fa,"slumbenland vitalize 39.920.- 36,720.- 30,400.","slumbenland vitalize 39.920.- 36,720.- 30,400.",46
f065a8bbae94b6e848454ba71b3d8dd7,ลดถึง 60,ลดถึง 60,8
675e00161dc44f2133640e57aa0593f9,justlike you.,justlike you.,13
7866269f7216b4b3e6e13cc5955159b2,mixer grinder hp motor mixer grinder,mixer grinder hp motor mixer grinder,36
9e71ae7438eb7f3984905cc6b08e4bf6,fr รับฟรี,fr รับฟรี,9
9d5bc931f5af6be0a457de5ab02b1fc9,"เชลไหญ่ คูปองสวนลุด ลด 15 2,000. xioomi smart","เชลไหญ่ คูปองสวนลุด ลด 15 2,000. xioomi smart",45
4718fff03b152eebfeafddc3d51633e3,instax mini link 3 700.,instax mini link 3 700.,23
fd557dfffe1e10f73db642ee3139c12d,1o8op full hd,1o8op full hd,13
76220d91efbb0f1e42d6b1b41140fb71,คัม ครบเจบ,คัม ครบเจบ,10
16b6a5284e0d52f24632f77b6c343a17,,empty_record,0
345f74acf5a79b2993eceb638e3051f4,ใหม่ jumbo จุใจกว่าเดิม 13oก. อิ่มคุ้ม,ใหม่ jumbo จุใจกว่าเดิม 13oก. อิ่มคุ้ม,38
aeb1bfba4beb3e0674f4ea60306af40d,epson,epson,5
80149dccd0f7ae5eb4151e317e92a3c8,,empty_record,0
710c28ba30a83e2513ae054cd60a5ea9,ลดทันที 50,ลดทันที 50,10
ea27a97cb54088a8a06104164ab24757,"สมาร์ทวอทช์ 2,792 3,192 4,792","สมาร์ทวอทช์ 2,792 3,192 4,792",29
a275806b67f1ab94ffb8a2f7dc5ef003,sun all dav 100,sun all dav 100,15
9ef265b0826e7039535a4ea7cc19187a,"49,215","49,215",6
d13ac72578461679ccf07659a4e81fd4,road to cheer up พลิกฝาเพียวริค ที่ร่วมรายการ 8u8,road to cheer up พลิกฝาเพียวริค ที่ร่วมรายการ 8u8,49
5906dadfc4d30dc582e5413387abcdba,80-,80-,3
171a6e79a14a61804b2854ab06939572,เลือกทีไช่..ใช้ที่ชอบ ใช่ทุกไลฟสไตล์ . 15 สมครเลย,เลือกทีไช่..ใช้ที่ชอบ ใช่ทุกไลฟสไตล์ . 15 สมครเลย,49
b63352aff4ededd8d2fdf05a05cb6265,ร้อนนี้ลิดไฟลุก 2003 ใส่โค้ด payday,ร้อนนี้ลิดไฟลุก 2003 ใส่โค้ด payday,35
1a093702bbe1bf512c7d6f180ad67244,"hot ขนส่งทางเรือ เกาหลี ไทย sale sea ขนส่งทางเรือ 6,900 w","hot ขนส่งทางเรือ เกาหลี ไทย sale sea ขนส่งทางเรือ 6,900 w",57
60355bc16c6bc75a56d2492ffe75e1d9,. เป็นครั่งแรกที่รอมาเนิ่นนาน ทีคิอสิงทีเราต่องการ บนหน่าเว็บ playstation โผล่เกม black hyth wukong อาจมีภาษาไทย,. เป็นครั่งแรกที่รอมาเนิ่นนาน ทีคิอสิงทีเราต่องการ บนหน่าเว็บ playstation โผล่เกม black hyth wukong อาจมีภาษาไทย,112
63a34e7723e254b7c89b2bd9c26da459,พร้อม เคินทาง ro6 accessories set,พร้อม เคินทาง ro6 accessories set,33
3564f95758271d9986e20c36f40bfa48,มาแล้ว ชุดข้อสอบ เข้ามหา'ลัย tcas69 tcat tpat alevel เริม 49.- มีเฉลยละเอียด,มาแล้ว ชุดข้อสอบ เข้ามหา'ลัย tcas69 tcat tpat alevel เริม 49.- มีเฉลยละเอียด,76
186e9aa513fe37c4f95a4ffd79efb8ca,,empty_record,0
35ff4b0462bbddcfca22a810ec74d213,lite it atv วางดาวน์ บาท ผ่อนนาน 24 เดือน,lite it atv วางดาวน์ บาท ผ่อนนาน 24 เดือน,41
4e75df71690e0462dd9532503ebfc0d1,eltles 8621.59 icities skylines ลดราคาเหลือ 621.59 บาท steam,eltles 8621.59 icities skylines ลดราคาเหลือ 621.59 บาท steam,60
126f40ef0ca435ce0e514758d12bb851,ช้อปกัน,ช้อปกัน,7
182badbdf1b08e9fac8996532298df9a,,empty_record,0
0e1bc7e606524273775eee362a8a1d9e,wass แบบ set 28 31,wass แบบ set 28 31,18
1f9325fb3f03c6b26d0ab385c91ee9b6,"โหด เหมือนโกรธเมีย 15,990","โหด เหมือนโกรธเมีย 15,990",25
40378ffb2172a9d71bb2c0e8f2699bb8,enerig capsule energ ของละ 20,enerig capsule energ ของละ 20,29
eeb4faefcb9a40b801da5f36f3662ba7,เมษายน 2568 ทวยรัฐบาลประจำวันที่ รับรางวัล,เมษายน 2568 ทวยรัฐบาลประจำวันที่ รับรางวัล,42
008c8378841ddeb4a6c62fa2c73dcae5,สินเชื่อส่วนบุคคล เงินก้อมพร้อมเข้ อนมัติเร็ว 098-9949458,สินเชื่อส่วนบุคคล เงินก้อมพร้อมเข้ อนมัติเร็ว 098-9949458,57
f46265cbf6f29297430e6ac13b2d708b,หายใจโล่ง บอกลา,หายใจโล่ง บอกลา,15
545d092ceaedf9e6b4144ad3fa3772c9,50 2762 4000 healthy dally,50 2762 4000 healthy dally,26
030f743237279538b8c34cd3574845cc,ะลด10 ร้อนนี้ทูกปาร์ตี้,ะลด10 ร้อนนี้ทูกปาร์ตี้,23
1f6908db40e4e9ec6791e8f4f4795723,,empty_record,0
6a13d7fa1bd2dbc44d70cdcc668f7abc,แจกสนั่นส่งท้ายเดือน ลุ้นรับบัตรเติมนามันฟรี,แจกสนั่นส่งท้ายเดือน ลุ้นรับบัตรเติมนามันฟรี,44
4bd3e9a7438a0df485d19f4d7dd5c291,"ทลาย จืวด 888"" เว็บพนันเงินหมนเวียนพันล้าน เดือน","ทลาย จืวด 888"" เว็บพนันเงินหมนเวียนพันล้าน เดือน",48
b879fbce13dee5161449374165f5cecb,jowto อุ้นเปืน atawan xkengharit,jowto อุ้นเปืน atawan xkengharit,32
7f8adac5819744a31ffe10e233b57bc0,สาทร,สาทร,4
625e93a3d350c7606f61b639c27a9ea0,slip2 cว ต้องมี ฟรี,slip2 cว ต้องมี ฟรี,19
0f6a09167f47fe035fa7b8456b37854a,,empty_record,0
e4b877dc0ed7d718782bf1d1c596b951,su ไร บ้าง gif ของราวัล,su ไร บ้าง gif ของราวัล,23
823da40649fa2bf6c8cb3f3f696985dc,,empty_record,0
ad977d25a5955aa449e085c008a991b2,มีนาคม 2025 2990.- มีโปรเด็ด,มีนาคม 2025 2990.- มีโปรเด็ด,28
77fef48b6db9b246c5a2e82a28a0c0af,ke รับดอกเบี้ยสูงสุด dจ0 โขบัสออกแล้อ grow,ke รับดอกเบี้ยสูงสุด dจ0 โขบัสออกแล้อ grow,42
0249843649e3b0efaf4eae0de1aa5f28,ลด 55 1 10,ลด 55 1 10,10
e1e2956429e0821cdfba675aee5a1c01,"oppo opp0 a5 นักศึกษาผ่อนง่าย ไม่ง้อบัตรเครดิต free 4,458. . pro","oppo opp0 a5 นักศึกษาผ่อนง่าย ไม่ง้อบัตรเครดิต free 4,458. . pro",64
8a7eae66e07739c882ef6444e07adb6e,โพรเทคสไทยเทอราพี รับทันท์เหรียญall member 10 protex pmotex protex pmtex,โพรเทคสไทยเทอราพี รับทันท์เหรียญall member 10 protex pmotex protex pmtex,72
4aaaf79720c10687ea1bbcc33409060a,"ฟืนสวยด้วย 2,500.- 18,500.- 35,000.- วองกิวพิบ","ฟืนสวยด้วย 2,500.- 18,500.- 35,000.- วองกิวพิบ",46
e042f4580ff3b83be095de5ecba39f10,motor ลดพิเศษ ราคา พิเศษทุกรุน,motor ลดพิเศษ ราคา พิเศษทุกรุน,30
89a9591a57f6825718f6f8426202610f,"ต้อนรับทรุษฮัน 2568 ลุ้นรับ 6,000,000.-","ต้อนรับทรุษฮัน 2568 ลุ้นรับ 6,000,000.-",39
56d1681c3c502f305df849f6a715233c,เติมคำให้ครบ 500๖ แค_ งล,เติมคำให้ครบ 500๖ แค_ งล,24
0abbe2b61b98a7fa66ffde35d4de9d65,เ90 .,เ90 .,5
1d1f1af5c8906323b93e4f22ecde5e4b,,empty_record,0
50881ea54a5621d0bec2259624d8eb5b,แค่ 838 บาท สอบถามทักแชท,แค่ 838 บาท สอบถามทักแชท,24
8b01a7a69664ca3062a6a8af74f01c5b,multiverse,multiverse,10
f2f02dd8da3faf2453703cc02910125c,kumon สมัครเลย ทดออง ฟรี,kumon สมัครเลย ทดออง ฟรี,24
e66ae1d443a24cd82f41ad2fc363e6ff,ทรีใหม่ใกล้ฉัน afostwork มีครบ รับ point แทนเนลถ 10 กรอกโคด คืน50,ทรีใหม่ใกล้ฉัน afostwork มีครบ รับ point แทนเนลถ 10 กรอกโคด คืน50,65
c4949820703b79109840bca583e8dcd7,สาหรับ hba bootcamp 2,สาหรับ hba bootcamp 2,21
ae53bc814beb8b5a42100a41aba953f9,data visualization 2.990,data visualization 2.990,24
bb426a0fd58747624fedb1bbd16cf7d5,the mall lifestore awesome never ends,the mall lifestore awesome never ends,37
2d28e558b8d359b3558ce5e4092009dc,"data visualization 2,990","data visualization 2,990",24
a15752a1cc2f52e1a8b4386c9f9441e0,"programming สร้างแอปก่าเว็บไซต์ พัฒบาแพลตฟอร์ม php 3,390.","programming สร้างแอปก่าเว็บไซต์ พัฒบาแพลตฟอร์ม php 3,390.",57
a0a741b343405cc21c9d1daf96b756a6,thon ฉลองครบรอบาง ลุ้นรับ macbook air ส่วนลดสุดคุ้ม,thon ฉลองครบรอบาง ลุ้นรับ macbook air ส่วนลดสุดคุ้ม,51
e176b4a87e331d89840327190f792672,"3.3 โปรปังต้นปี ซื้อสินค้าครบ 3,300.- ขื้นโป รับฟรี non sfop totebag","3.3 โปรปังต้นปี ซื้อสินค้าครบ 3,300.- ขื้นโป รับฟรี non sfop totebag",68
9fa27c1559103650499aebda47f06235,กู้หน้าเด็ก botox ลดรัวรอย 790 botox ลดรัวรอย 2 990,กู้หน้าเด็ก botox ลดรัวรอย 790 botox ลดรัวรอย 2 990,51
6c05be687f0a28d67efee7e13d427178,"อบาง 2,999 ส่งข้อควาน","อบาง 2,999 ส่งข้อควาน",21
e9699fae037a8c0b3d69ee2c025625a1,ฟรี ติดเครืองมือ เที่ไครท์หลิงรัก,ฟรี ติดเครืองมือ เที่ไครท์หลิงรัก,33
9fb5fd58f1f3efe49c593ff3d4f3071f,futureof ai shanghai hangzhou,futureof ai shanghai hangzhou,29
246e4292bf4f1ba79434fb486fad2937,เที่ยวจีนผูกyoutrin กับtaobao อุ่มอาร์ตทอย joutrip kbank,เที่ยวจีนผูกyoutrin กับtaobao อุ่มอาร์ตทอย joutrip kbank,56
1bf3177e2174b0db95c63ae02f13175c,datacawp sol data analyst,datacawp sol data analyst,25
ea36dcc7f2f1f8cefc3e9d7de9fd2999,"โบกราม โบลิฟท์หน้า ย้ำโบฟรี xx 11,900. ชนะทุกไซส์ size","โบกราม โบลิฟท์หน้า ย้ำโบฟรี xx 11,900. ชนะทุกไซส์ size",54
d49cb703e9f4639ba5818eaf203b9b35,. ชวเมง,. ชวเมง,7
b5e6f3599cf9d751093d19f869a8dbc7,roup jetts,roup jetts,10
3b7988d23a9c7968f83d3229295160be,"dic ลด 29 ,ลดจัดใหญ่ สูสุด","dic ลด 29 ,ลดจัดใหญ่ สูสุด",26
b899ab9834f1f4664bb79a1188ccdba8,โบี ลิฟ 3d กรอบหน้า 999 ลิฟหน้า,โบี ลิฟ 3d กรอบหน้า 999 ลิฟหน้า,31
d24058e697a22f24d78dc3a83b7fa0f1,day,day,3
c9c39100ce40d5eff6f6a50bc1e4f96c,"botox botox หน้าใส fat ฉีดผิวออธ่า 2,899.","botox botox หน้าใส fat ฉีดผิวออธ่า 2,899.",41
9188d3352a8ab624e6296ab9d9f24064,"225 9,999","225 9,999",9
1de8f54f36b6f82e949057721fdecc14,เรียก line man rlde ลดสนั่นวัน payday สงสุด,เรียก line man rlde ลดสนั่นวัน payday สงสุด,43
309463117e7995bad6f2c53818327f06,คนทีพง cooling fat 444. สลาย ขมันค้วยความเย็น,คนทีพง cooling fat 444. สลาย ขมันค้วยความเย็น,45
2b42690d2b5c7d9341001613331b7909,แซทกับเรา ultraformer ii โมค็อง. .ร้อยไหม 499,แซทกับเรา ultraformer ii โมค็อง. .ร้อยไหม 499,45
62affd311f84d96c63742867cd35c1a8,สนา,สนา,3
a30b19353ae00c729098346b467bb1c1,"โปรสวยสะท้าน รายการ 15 995 ปกติ29,995 เหมา","โปรสวยสะท้าน รายการ 15 995 ปกติ29,995 เหมา",42
5e1ea8bea846174e47f1327f888334e6,"โปรโมชั่น นถมฟรี จัดหนักจัดเต็ม 3ต่อ ได้คอร์สหลัก 3,390บาท","โปรโมชั่น นถมฟรี จัดหนักจัดเต็ม 3ต่อ ได้คอร์สหลัก 3,390บาท",58
d347434ef8de0e757df04df9a9dcd94b,nabi lif,nabi lif,8
5d3cff4e66369f0ab2732d7f12a346b3,สดใหญ่สงไว้ ทูกสนามหิว วันที 1มี.ค.,สดใหญ่สงไว้ ทูกสนามหิว วันที 1มี.ค.,35
f2ee2deffa5b24cd15ca79019a8db0d2,europe แบบฟรีเมียม 69888,europe แบบฟรีเมียม 69888,24
46dc2dfdcde3371a296e37f8f50ae8f3,"โบกราม แฟต 2,999","โบกราม แฟต 2,999",16
3f71608daf08601b74f5d194b74f716a,"โปรลดแรง 30 5,000 บาก","โปรลดแรง 30 5,000 บาก",21
6bbe6b680ae45b6f8bad8f108f31d30a,รวม dashboard สามารถใช้งานได้หลายลักษณะ โรงงาน และ เชิงวิควกรรม สถิติ วิเคราะห์ มุบรหารมองภาพรวม 1490,รวม dashboard สามารถใช้งานได้หลายลักษณะ โรงงาน และ เชิงวิควกรรม สถิติ วิเคราะห์ มุบรหารมองภาพรวม 1490,101
f127b4ea992a66e660e91a4456ca8f66,happ,happ,4
a620316ddcaa1c6f5f4858e25ecfcd28,สวนนำรามายณะ แจกส่วนลดสุดปังเช่นเคย,สวนนำรามายณะ แจกส่วนลดสุดปังเช่นเคย,35
2730498b3fa08645870f1fcdc479da3b,โมรตัน,โมรตัน,6
3b65a5bbbcb8899d54437f62e89e9ea6,คอร์สเรียน แนวเอกสาร chatgpt excel ai excel ราคา 490 เอกสารต่างๆ ในองค์กร,คอร์สเรียน แนวเอกสาร chatgpt excel ai excel ราคา 490 เอกสารต่างๆ ในองค์กร,73
4fd341b08ef6b3c961db8640f6b7e0b2,,empty_record,0
df2eb0e1e0f2bb84865f8211c2cfb32f,"""หยุคริวรอย เทื่ออร่า","""หยุคริวรอย เทื่ออร่า",21
d0006f7f35396e7a70abd7f09293cc4b,หนังใหม่ เริ่มต้นที่ 99 บาท เดือน,หนังใหม่ เริ่มต้นที่ 99 บาท เดือน,33
ed09a70940d455b0ea1b809a0c4477b7,"intel. รับส่วนลด เมื่อแจ้งโค้ด bnint25 2,000, 790. 1,990. ผ่อนสมายา มูลค่า","intel. รับส่วนลด เมื่อแจ้งโค้ด bnint25 2,000, 790. 1,990. ผ่อนสมายา มูลค่า",74
7887c4bca334000c24f4340d242f5fd1,"acer intel. 5,000.-","acer intel. 5,000.-",19
b455876df1cdacecfa65e4a079dd17bb,,empty_record,0
e4f0821bfeca50580f6ad0db649821e3,,empty_record,0
ed5c6a444713ff4fc993d8ed144627ed,"ปรับรูปหน้าได้รูป เติมเต็มทุกความกังวล fillericc. 4,250.","ปรับรูปหน้าได้รูป เติมเต็มทุกความกังวล fillericc. 4,250.",56
4623583c69cf3e5bed495b0e264c2ef4,จางเจียเจี้ย ea,จางเจียเจี้ย ea,15
b0b8886e35142096eaff2aa4143b456f,"ร สไตล์สายเที่ยว ชอบเช็คอิน 5600 9,100 5 0e","ร สไตล์สายเที่ยว ชอบเช็คอิน 5600 9,100 5 0e",43
a30665d8179d1095055b9801a293c5f1,310 บทเรียน excel genius excel,310 บทเรียน excel genius excel,30
c91ea2e50f53845e8506a3b60666ae25,gemini canvas ลองแล้ว gemini canvas ใหม่ เขียนเว็บ เล่นเกม ทำแดชบอร์ด,gemini canvas ลองแล้ว gemini canvas ใหม่ เขียนเว็บ เล่นเกม ทำแดชบอร์ด,69
08fe93d84e9fd1c6e0d89ad56dc750f2,this summer europe awaits 30 off,this summer europe awaits 30 off,32
73493a26692d8180128113d9b6b214fb,win rmii,win rmii,8
19d8a1f53f3baeb24a737eb664c0469b,"รันบานลืนไหลพร้อมลุยทุกโปรเจ็กด์ 38,890.","รันบานลืนไหลพร้อมลุยทุกโปรเจ็กด์ 38,890.",40
58401f3e9288c4a316f2cb141de289a9,"53,888","53,888",6
59684117b3c0fa908bab709ecb10d9a4,"จีน ฟรีวีซ่า 8,990. pop mart","จีน ฟรีวีซ่า 8,990. pop mart",28
d61ff4fabbbdc7a9cf3e16963ffa77ce,"3 อัฟหน้าสวย โบกราม โปรเดียวจุบ เมิโสี fat เหนียง 7รายการ 2,999.","3 อัฟหน้าสวย โบกราม โปรเดียวจุบ เมิโสี fat เหนียง 7รายการ 2,999.",64
18d91942cb7b5e6502e6c2c7eac7f83a,"เหมา 6 อย่าง 2,999 hotos","เหมา 6 อย่าง 2,999 hotos",24
915b52385ecff6e33c77ec5f58647218,สไตล์สาย chill ชอบฟลสบายๆ,สไตล์สาย chill ชอบฟลสบายๆ,25
ef848333b903834e07b282e6eec03c9f,"3 อย่าง 2,999","3 อย่าง 2,999",13
d8ca677c072c7f0ffb31aa5782eb25bd,"3,000.- ไค้รับ 5,000. ฟรี เคือน ฟรี0","3,000.- ไค้รับ 5,000. ฟรี เคือน ฟรี0",36
5bc762ce879b7ee9b2b89ebb00de76aa,b33 get started with python programming rodrigo montemayor,b33 get started with python programming rodrigo montemayor,58
78a6a3a8da91010e8b5f2ccecbd4c456,ค้นหารีวิวและภาพก่อน-หลัง การศัลยกรรมอีกบากมายได้ทีแอป unni,ค้นหารีวิวและภาพก่อน-หลัง การศัลยกรรมอีกบากมายได้ทีแอป unni,59
9f89578ac5a0900bee7f025abcd4291c,"ame รุ่น ราคาสุดคุ้ม 859 889 1,739 1,749","ame รุ่น ราคาสุดคุ้ม 859 889 1,739 1,749",40
9a0e87bcaad92c1aa524ea32f1bde4b8,,empty_record,0
57f4ed0627da2860959903391f44fa81,alig มีอะไรบัพนะ aiive,alig มีอะไรบัพนะ aiive,22
2964d0f2477068876fac184adbc2e183,fist สมัครง่าย,fist สมัครง่าย,14
2ae33af90645016f2e0cf23c15bbec75,"glacier 3000 59,888","glacier 3000 59,888",19
d4242cac0a884095df5a0490b99761f0,"acer intel. swit lite 5,000,-","acer intel. swit lite 5,000,-",29
b7ea647ece3de5eb5c841515e13b6850,สยามทีวี mobile itexp0 ai 50 สุดคบ 6000. 45,สยามทีวี mobile itexp0 ai 50 สุดคบ 6000. 45,43
fedb1567f606d647d161771d9bee648a,"เติมคางละมุน ไม่ต้องรอนาน ฟิลเลอร์คาง 7,888..","เติมคางละมุน ไม่ต้องรอนาน ฟิลเลอร์คาง 7,888..",45
d2653036f21a7e4ae0ae94bdaae8ceba,33,33,2
293632e348f0523e3e2f92d559519248,growth hacking เป็น data analyst squ command,growth hacking เป็น data analyst squ command,44
4576b0d33e60605826d8a3ea826b6ad6,"คนหมิง ,11,888.","คนหมิง ,11,888.",15
c6bf68cd3577495434f5a2394ba11931,เรียนกีตาร์ไฟฟ้าออนไลน์ 990.- คอร์ส,เรียนกีตาร์ไฟฟ้าออนไลน์ 990.- คอร์ส,35
2cf9e42082b09ed19972a9984e65f8af,"จบทุกปญหาผิว botox aestox 2,900. nabota 4,250.-- 12,000. 14,400.","จบทุกปญหาผิว botox aestox 2,900. nabota 4,250.-- 12,000. 14,400.",64
3e71e3bbe48361edf3c4dd0cc82d8333,"56 ดีลแรง รับซัมเมอร์ รับส่วนลดสูงสุด 8,300.","56 ดีลแรง รับซัมเมอร์ รับส่วนลดสูงสุด 8,300.",44
e22290e7a4c731da840e6dc9acfb7da8,acer intel. welrame swift go 14 intel,acer intel. welrame swift go 14 intel,37
b667c39496b948d7aa8fb89118a07706,เสือคลุมกัน uv ปองกันอันตรายจากแสงแดด ใส่แล้วเย่น ลดอุณหภูมิ ใส่สบาย ตัวละ 319 บาท,เสือคลุมกัน uv ปองกันอันตรายจากแสงแดด ใส่แล้วเย่น ลดอุณหภูมิ ใส่สบาย ตัวละ 319 บาท,82
df514baf937987dafadcfb12c4b77138,"cassie ทวีปเก่า 53,888","cassie ทวีปเก่า 53,888",22
57aad02906487a2a4d3371fdaa0e1849,"69,888","69,888",6
eb5dc9e2933c9c13b463b5e8c147c5d5,"อฟรีป อฟรี2 957_ 1,595.-","อฟรีป อฟรี2 957_ 1,595.-",24
417504aa5ea75b19acc217fcd53d49e9,สุขภาพดี ทัวไทย สุขเจ 50,สุขภาพดี ทัวไทย สุขเจ 50,24
9274433ab69457aa8bf25e882067af8f,,empty_record,0
839fd6388da0136e5daef95ab3839be1,"bali recharge 18,999 18,999.","bali recharge 18,999 18,999.",28
7bea2815aa11785988ef9167a7837067,,empty_record,0
a5dc004fddf49faa6273a55e216ed4e8,1ว,1ว,2
f3dfa5e8a1494af254bcf97c6e24c62a,สด 20 ง่ายๆ เพียง แปะ ลด ๖ช,สด 20 ง่ายๆ เพียง แปะ ลด ๖ช,27
e3153ca4cb8a17396ff018c7d5937b9d,"2,255. - แถมฟรี เปย์เธอ","2,255. - แถมฟรี เปย์เธอ",23
db0548df222231ebab3c3d1ac1047339,"สวัยคุมงบ รายการ 3,500.- ซอฟฟิลเลอร์","สวัยคุมงบ รายการ 3,500.- ซอฟฟิลเลอร์",36
e758f891d0e2fb345c0b84be94ba0eb3,"อฟรีป อฟรี2 1,197 1,995.-","อฟรีป อฟรี2 1,197 1,995.-",25
721e0fedd616e0abb0039505897ad05b,"อฟรีป วฟรี2 747. 1,245.-","อฟรีป วฟรี2 747. 1,245.-",24
3d66a0b3f8f83d0cd86ce274359f5182,"เวย์โปรคีน พิเศษ 1,840.","เวย์โปรคีน พิเศษ 1,840.",23
a2c288bad94e9fac514f9abe85137f8b,"iphone หลากรุ่น iphone 13 iphone 14 iphone 15 7,600.","iphone หลากรุ่น iphone 13 iphone 14 iphone 15 7,600.",52
b9ea232c6646c727c0e9b4ee61122161,"ดีลดี เวรี่เด็ด 240,000.-","ดีลดี เวรี่เด็ด 240,000.-",25
5f4b7f1701500f210f7fc615bfc3467e,promotlon best summer deals,promotlon best summer deals,27
66510f486428cebf982c8aa7b8a313b1,"คุ้ม 2 ต่อ 1,259 980 1,729 double sale 1,999","คุ้ม 2 ต่อ 1,259 980 1,729 double sale 1,999",44
21b200419a13e251d7b5176196aac91e,"bali premiumz 29,993 ,29,999.","bali premiumz 29,993 ,29,999.",29
9bbd166b1379cf12b416da2300e0b931,ผ้าอ้อมลดคุ้ม 3ฟรีป,ผ้าอ้อมลดคุ้ม 3ฟรีป,19
bce3b643c28027745fba66af642ea466,10 10,10 10,5
4a0fdcae136562de3270ed8b374ecbdf,"คุ้ม 2 ต่อ เหลือ 1,756 1,239 1,419 . double sale","คุ้ม 2 ต่อ เหลือ 1,756 1,239 1,419 . double sale",48
7bd9e91073b71b24b81bc9bdde2235f6,". สูงสุด 90 ,",". สูงสุด 90 ,",13
694eef847f50f63344070b9119bd2489,ตามหา คนอยากผิวขาวเล่นแสง 20,ตามหา คนอยากผิวขาวเล่นแสง 20,28
37f7ffe20af33f9e4550b170115a48f6,20,20,2
998d6c24bd0e39493c7462a2d485474b,ทุน เรียนต่อ ป.โท uk great scholarships 430 000 zidp,ทุน เรียนต่อ ป.โท uk great scholarships 430 000 zidp,52
a985a316482613ee9d70e8ac806ece6b,แจกฟรี e book สอนภาษาอังกฤษ,แจกฟรี e book สอนภาษาอังกฤษ,27
437828a57aa4849db2539c67b068e45d,summe,summe,5
24adcacb36570920b9567da3f09b9f03,เปยเธอ ส่งฟรีทกดิล,เปยเธอ ส่งฟรีทกดิล,18
7077a5b23413e5e7f3d678e9bd7802ac,"คุ้ม 2 ต่อ 1,579 เหลือ 1,169 double sale","คุ้ม 2 ต่อ 1,579 เหลือ 1,169 double sale",40
5d0fabc5e05cd0f99652767f5e04768e,"0200d3 เชียงไอ้ าสนก 10 13 เมษายน 68 ราคาเพียง 7,888","0200d3 เชียงไอ้ าสนก 10 13 เมษายน 68 ราคาเพียง 7,888",52
68ae5ac583c8158baf3bfdde286bf5ef,น้อง ท้า 100 รางวัล มูลค่า,น้อง ท้า 100 รางวัล มูลค่า,26
1237f0c6702a40d1d2065401d02dc058,"82,620 81,675","82,620 81,675",13
1307abbe3ea621b857d908f618cf5931,pre ยักษ์,pre ยักษ์,9
f35aa0944dd4563c58568a665e33f9d5,รูไฟแนนชศีกรุงไทย ดีลสดคัม,รูไฟแนนชศีกรุงไทย ดีลสดคัม,26
05a3498a0e456a37b4a642df16047dcc,"15,900.","15,900.",7
3c36e5055b3a35f4bd7ddda29fd086d9,"มหัศจรรย์ ..bali 17,999.","มหัศจรรย์ ..bali 17,999.",24
daa883717dd5e84447ce89b1d1250274,เอ็มแรป เฮเที่ยวไทย,เอ็มแรป เฮเที่ยวไทย,19
efbd1cf5a9402b30c051a1e265c498c2,,empty_record,0
eb1619c4edf135f616066cb42cb53869,รวมตั๋วดิสนียแลนด์ 10 14 เมษายน 68 ราคาเพียง 32999,รวมตั๋วดิสนียแลนด์ 10 14 เมษายน 68 ราคาเพียง 32999,50
9c6904d5956a7d550c279be838a9f4e9,24 8pm4 - saie 29 march ลดเพิน 60 10 ลดเพิน ลดเพิน 150.. 12,24 8pm4 - saie 29 march ลดเพิน 60 10 ลดเพิน ลดเพิน 150.. 12,59
661d1a205adbd68c591090e7067063cc,"saktratulip . 29,888","saktratulip . 29,888",20
d695f65515a729945495fbcd10bcfd79,12 16 เมษายน 68 38899,12 16 เมษายน 68 38899,21
e5920902c4e237c91dfbc39cea8bc5d3,,empty_record,0
ee619268e02889da17fc523b9f6ba2b1,"promotion only 3,549. free. entrance","promotion only 3,549. free. entrance",36
5f243a8c065db567bb8d00cdce9399f7,2609๑ 01 - 05 เม.ย.68,2609๑ 01 - 05 เม.ย.68,21
2f594f5dad9e67a5a2bfc974a93603ef,"bali recharge 17,999 17,999.","bali recharge 17,999 17,999.",28
3aa12706a5c1f7655f8dea1761aaca62,healthy idistrict 3 กิจกรรม เจิดเต็ม3 วัน,healthy idistrict 3 กิจกรรม เจิดเต็ม3 วัน,41
a4a8b080db4f432d408258e4ed6a633d,"โอชาก้า 34,000","โอชาก้า 34,000",14
1bb88619fe255b4c29783d7ef4ba64b7,ฝู้โกวิก,ฝู้โกวิก,8
ffe153a72b93d5b1655b92252110d1e7,มี.ค. เม.ย.68 เริ่มต้น จองาวร,มี.ค. เม.ย.68 เริ่มต้น จองาวร,29
397d788d553d8a553529d8a8311da868,wake up the รวม condo ศุภาลัย ไกล้ อยู่เอก์ฟิน ง,wake up the รวม condo ศุภาลัย ไกล้ อยู่เอก์ฟิน ง,48
0068d6a4efb38f58296cd2d847359854,ราคาเพียง 14 18 เม.ย.68,ราคาเพียง 14 18 เม.ย.68,23
680030fd002000d9b85549d59bb890aa,ลดราคา5 00d ลดเหลือ จากปกติ22999 030023,ลดราคา5 00d ลดเหลือ จากปกติ22999 030023,39
22f2329f84b0615d41e1ca9887c900f3,รูอ ในเมืองไทย,รูอ ในเมืองไทย,14
e2db75fca50fcff049a44d5fd078a7a0,"thelitlle, early bird ลดสูงสุด 30","thelitlle, early bird ลดสูงสุด 30",33
d807778c25fd1b7d9c9b71b81093df8d,2009๑ o1 05 เมษายน 68,2009๑ o1 05 เมษายน 68,21
4831ad617da3b77196c63b54186c61fa,เชี่ยงไฮ้ 27 31 มีนาคม 68 26888,เชี่ยงไฮ้ 27 31 มีนาคม 68 26888,31
af778d41d77cef9c475777222c1d45d4,มหานครเชี่ยงไอ้ 14 เมษายน 68 ราคาเพียง 23888,มหานครเชี่ยงไอ้ 14 เมษายน 68 ราคาเพียง 23888,44
50a3c63d43041ca5d854aa6151324ee1,grown,grown,5
305e2d1b3f411f796d40a2e1bdfe841f,ullite,ullite,6
6096f1cf10d848d5803ea14a15cef5a8,just around the corner,just around the corner,22
b1ddb9a6b75352d36f29c11d9232b85f,,empty_record,0
71520737538238af569a2aa19ee9a888,"intel 890 990 4,290. 1990.-","intel 890 990 4,290. 1990.-",27
bb0e5615464e1973044deb94d960da64,two for tuesdays,two for tuesdays,16
2cd40f8ecd13bb3e21146f87536e16cf,acer intel. swift go 14 โคจากทุกที่,acer intel. swift go 14 โคจากทุกที่,35
3999ad4287e0d565cd82d1a19ad612b5,acer intel. welcome,acer intel. welcome,19
a2d26ceb4c2d021dc19db500970c8c78,double thefeelgoqd,double thefeelgoqd,18
2f5ded665c01bc8bcd85208b8627e63d,"""อร่อยเหมือนทานทีร้าน"" mo ,250","""อร่อยเหมือนทานทีร้าน"" mo ,250",30
01f6a09af9ee9ffddb64cea5146cc601,"รวม 5 ร้านหม่าล่าลดเดือด ลดสงสุด 1,000.-","รวม 5 ร้านหม่าล่าลดเดือด ลดสงสุด 1,000.-",40
0c4868082167a29040847a7f34496723,it atv สายเกมเมอร์,it atv สายเกมเมอร์,18
d2e0e9eeb24c2576d30a6442bbc12be8,extra extra,extra extra,11
283ad659584c8c2ed739cc51209006c7,การันดีอัปเกรด os ฟรี 7ปี,การันดีอัปเกรด os ฟรี 7ปี,25
56768036b21ed1decc65161e094b6b45,it atv คอมประกอบ,it atv คอมประกอบ,16
933206270f89ad44822ad47e49822fe4,99,99,2
725c1cb67070a24e6664561fbfbe2ca5,,empty_record,0
ce649f447e9f42d01e693bd4ae444572,,empty_record,0
e472946cb6423352ef5f5251391cdc0a,2025 14 330.,2025 14 330.,12
0bd335cd97fd66d45a6d541e08d0e359,เมนูไหม่ matcha berry bingsu mojo jojo edition เพียง สงพรี ฮังเลย,เมนูไหม่ matcha berry bingsu mojo jojo edition เพียง สงพรี ฮังเลย,65
e356c9cf9b1a2d302c061797e2489938,ซื้อคอมพิวเตอร์ที่ ihavecpu มีของแถมอะโรบ้าง ช็อคอมพิวเตอร์กับ ihavecpu รับสินค้า ภายใน ชัวโมง,ซื้อคอมพิวเตอร์ที่ ihavecpu มีของแถมอะโรบ้าง ช็อคอมพิวเตอร์กับ ihavecpu รับสินค้า ภายใน ชัวโมง,94
6a537a8846b6ef6be6f2e6bffe93a8b9,bample templates a inspiration,bample templates a inspiration,30
4339b23b07406859b1270201121a9ae7,drie thr u burcer bund use promo code. bundle9,drie thr u burcer bund use promo code. bundle9,46
c68db38a8d3db7b63d8c17dd19331fb8,,empty_record,0
f87d7bef4f73e024bf5222164f849c79,"dell vostro 3430 12,990.","dell vostro 3430 12,990.",24
36aca11a3566d9a5dae76207f38db9ec,lotus ลดจัดหนัก ว้าว,lotus ลดจัดหนัก ว้าว,20
527f1cac81ee807f20a221a514fe7e1f,,empty_record,0
4f5fe40212d9a1c47b81f6a516b9fc20,lineman ลดเพิ่ม70. lmgugu,lineman ลดเพิ่ม70. lmgugu,25
cc38bb86c7a585dc25b355245372098e,99.,99.,3
024e5f5d8c6619653eb959af20a24032,เครื่องดื่ม mikka,เครื่องดื่ม mikka,17
16137225f9b4284f59e87d3e63042a24,ชาไท๊ย ลดเหลือ 29,ชาไท๊ย ลดเหลือ 29,17
57a7554dbc3c0804bd8f38938e0dc237,ฝรายส์ 890 สดา grabfood,ฝรายส์ 890 สดา grabfood,23
9ebbd940eee8768e3548008f13f82e62,บัตร karun ลดจัดเต็ม ลดเหลือ 9 บาท,บัตร karun ลดจัดเต็ม ลดเหลือ 9 บาท,34
43a64e4658d5f6f2765f7796b39af44a,"you i จัดโปรอิ่ม ลดเหลือ1,513 บาท","you i จัดโปรอิ่ม ลดเหลือ1,513 บาท",33
db33122c99f4f95b1c8df3275f822ec6,50 lmamz,50 lmamz,8
980263d7ed5a9d3b9bd5fcb0be5bd534,ใหม่ เบคอน,ใหม่ เบคอน,10
22b71d5a8c9593d7538425b2951c2292,ชาไทย,ชาไทย,5
a0a7ed33622d930ed4c1626098d93afa,แถม แชลมอน 350.,แถม แชลมอน 350.,15
0bc131e4ee23715000ce7169234034cc,อะเมซอน 2 แก้ว ตกแก้วละ 30 กว่าบาท,อะเมซอน 2 แก้ว ตกแก้วละ 30 กว่าบาท,34
f00c08c64bf2ae7269c8ac4c9100ba6b,ไมีอัน 299 วากิว 399,ไมีอัน 299 วากิว 399,20
7d82c580033250b0541abd020cb48fe4,lineman 40 off 229 bulgogi,lineman 40 off 229 bulgogi,26
55b8ce6e3902abd3c71c54fceea63fdf,omakase ลด 20 ทุกคอร์ส,omakase ลด 20 ทุกคอร์ส,22
595bb8f5319d334ed028cc0126bfb173,loco here promotion crear1,loco here promotion crear1,26
aaca0cd0da5f1b1cab5f2d3195f39054,donburi lunch set 159 ion,donburi lunch set 159 ion,25
08f59f038a886fd1a658fb3932899f6d,,empty_record,0
c7b3a29ce3f63b04e5bc6909602da2cd,flash sale 24 มี.ค. บัตร starbucks ลดแรง60 บัตร 1oo.- ลดเหลือ 40.-,flash sale 24 มี.ค. บัตร starbucks ลดแรง60 บัตร 1oo.- ลดเหลือ 40.-,66
f5aedbabe93abe6b2a0a7e643cd855c6,buy free 169.,buy free 169.,13
9221d4d26352097adaf2efe8e3bb7bae,อดเนจือ เ9,อดเนจือ เ9,10
f4726fb216d17581a89c9a931af5e077,hot deals ลดสูงสูด80,hot deals ลดสูงสูด80,20
82ca77ec35f63cf46807a2527d14628b,,empty_record,0
824f509921be5284ee178a8ca18966ec,hot,hot,3
27bebc446e94e2625e13af11359f2a28,หมู สามชั้น g2 4 228,หมู สามชั้น g2 4 228,20
6d65e9a986e587d318cbb7f0498d3309,hot frash 50,hot frash 50,12
adb328b9106d2d60e50e8d9c78f75e48,grด โปรไมลิบ วิสดอม 0 ชาระย่าน grab dine out deale,grด โปรไมลิบ วิสดอม 0 ชาระย่าน grab dine out deale,50
85e4c9862d9194de6c21229cbe64c3b9,879,879,3
5d0108c8f841c3fc84eed43b20f9054f,33. 133 .,33. 133 .,9
0228d08c4cb74462a5af70f71f9da693,,empty_record,0
087d1e05584767affb365f26b061bed3,t ว 239 bath,t ว 239 bath,12
0ca3b6be2903304647f4b19eda26d61b,คู่อร่อย 89,คู่อร่อย 89,11
c2033bd8ebcc3213a0ff2ff63205b55d,บัตร momo ลดสะใจ ลดเหลือ 299.,บัตร momo ลดสะใจ ลดเหลือ 299.,29
8491ad40990c4b978e75f2afd554df6a,bomb พระราม5 276 และของทานเลน,bomb พระราม5 276 และของทานเลน,29
6fea40a50873360b8498e4eb237383e3,"โปรทรง ใส่โค้ด"" mega"" ลดสูงสุด 60 สูงสุด 6o บาท sdd","โปรทรง ใส่โค้ด"" mega"" ลดสูงสุด 60 สูงสุด 6o บาท sdd",51
2f1b8833950720065329fb5bab4d9067,รับฟรี เครปกรอบ กระปุก เมื่อชื้อสินค้าหน้าร้านครบ 229.-,รับฟรี เครปกรอบ กระปุก เมื่อชื้อสินค้าหน้าร้านครบ 229.-,55
d0156e92534d07c903ea913dab069b99,ซือ 850. ฟร แซลิมอน,ซือ 850. ฟร แซลิมอน,19
3163e2c014fe9767218ad5e6981b04f0,รักเธอ 24 ชั่วโมง มีจ่าหม่ายแล็วที่7-11 คนนี้,รักเธอ 24 ชั่วโมง มีจ่าหม่ายแล็วที่7-11 คนนี้,45
8dad136e3c791ea1aea3d72f12a57874,รับฟรี ขาข้าวหอม แก้ว เมื่อชื้อสินค้ามะยงชิดซีรีส์ รสใดก็ได้ 1 ชิ้น,รับฟรี ขาข้าวหอม แก้ว เมื่อชื้อสินค้ามะยงชิดซีรีส์ รสใดก็ได้ 1 ชิ้น,67
8eda5f0a79712a23ca7aa5fff0bc7dbf,ไชซ์ร 39. do 603,ไชซ์ร 39. do 603,16
9f48182d21f978a52452e8a556571469,129 frity,129 frity,9
20d38ffa7948b3845b5260af39440f26,109,109,3
bd50e7115d6acf291ba50a4e7982fae3,,empty_record,0
4627dd9e8a3d264c72e944d0ae5ea693,เซลใหญ่วันเกิดลาซาค้า เฉพาะไนไลฟ์ สด ชลบอน แชลมอน,เซลใหญ่วันเกิดลาซาค้า เฉพาะไนไลฟ์ สด ชลบอน แชลมอน,49
2d726176bd3929f6b0e461a609c7c5f4,ชีสซี่ ดังก์ เชค เชคสนุกเค็มรสซีส 89. 89.,ชีสซี่ ดังก์ เชค เชคสนุกเค็มรสซีส 89. 89.,41
f074a3cef3c8a4e1d7cac639d565e6a5,umami 79- แถม,umami 79- แถม,13
facade3f9f271150f7990558411cae02,super,super,5
87299cc22dc6a3c7d90343bb9d92d19b,saie 1. แถม 229 สังเลย,saie 1. แถม 229 สังเลย,22
c5ca1351b0773c8e3036afd9467afeb5,69 1oo 105,69 1oo 105,10
ba01a0e2b8b0a1187f67f1b7fc67fab8,2 thai. series bowlsset นิว 360,2 thai. series bowlsset นิว 360,31
d70f2cb6c6db7a3d8f1bfeeb2d24e7d6,"คูปองส่วนลด 500.- สำหรับแพ็คเกจ santdand 499. ราคาปกคิ2,495.- เหลือเมียง 995.","คูปองส่วนลด 500.- สำหรับแพ็คเกจ santdand 499. ราคาปกคิ2,495.- เหลือเมียง 995.",77
956d5afb2f3ab7c9872d1dc945126c29,steak,steak,5
3d2e27c5634317b64f899e419d77c582,endless possbilities,endless possbilities,20
20ffecc0684a0abdbd4d07940ab59145,,empty_record,0
442fa7f51ec4b5a53ca72de81c896acc,poppabl s,poppabl s,9
7cd069eb49fc79cb9921b5cec711611f,ebeat ฝีดได้อีก,ebeat ฝีดได้อีก,15
bbb6ae243756582133b19777537baf01,ลดทันที 5 12 20 25 30,ลดทันที 5 12 20 25 30,21
dcfe3a768d974cb648d29baa2cf1d958,kaa goffee,kaa goffee,10
0e6f1830ae0be415b71ea0244d282d49,เสิรพี เคี้ยวเพลิน 49,เสิรพี เคี้ยวเพลิน 49,21
ddf5e49cf933719d43333b973024ac8b,evian,evian,5
2ffc6379a294b6ca1ff356d32949ca8a,avallable at tops,avallable at tops,17
788b6a7a0627eb50de2d434f36d05071,299_,299_,4
b9d2a7341ae8bb78871121ed0eb50925,bhc chicken 159,bhc chicken 159,15
e3460d4e5785a9d309f51387395b6132,8,8,1
55bfb7adbcdcdff643e33235823eef4e,deser. highland beef turkey 22 364,deser. highland beef turkey 22 364,34
afd4f338540d5ae7656fb607b9b48596,30,30,2
5ad693ec307b1ae69e4182865361d665,ชีเสิร์ฟ สายไหนก์แช่บได้แค่มีควิกแสบ,ชีเสิร์ฟ สายไหนก์แช่บได้แค่มีควิกแสบ,36
ae9a7cbed4d495e003eec2ca850174bd,,empty_record,0
2a0c8c5884878702ee4709303670367a,เมลทส์ เรื่มต้น129๖ สงเลน,เมลทส์ เรื่มต้น129๖ สงเลน,25
1f6ce33f48ff1111df9938f43a4c4aa7,saเon fake,saเon fake,10
331fde8a39d107145e788d4523da3291,ลดเพิ่ม b1oo panda1oo,ลดเพิ่ม b1oo panda1oo,21
5e568625062208ea0285289d5adb9452,ปแถม ลด 60 40 u..,ปแถม ลด 60 40 u..,17
0f432bf4fb87c986c5d18d3c794e7f93,milkman coffee capsule,milkman coffee capsule,22
66d8b1822da63af0d53aee168fb0d6d5,red set a 1688.,red set a 1688.,15
7d5b97f69c2a424154d13027e52eaac2,,empty_record,0
f888eb5980f1d958482e794f0afc977e,setl 4358 happy,setl 4358 happy,15
0ffcf78afcaebc6d584c0c6e1c45ee12,"shu daxia member รม""สวบลด""สูสด","shu daxia member รม""สวบลด""สูสด",30
188ce1a313fcbe8e9bd976ca3e524ae8,picked freshly pressed.,picked freshly pressed.,23
2ab1d148643cc8a765e53c4899fe2a3a,.s.pellecrio san pellegrino italian sparking 330 ml 24 can melograno chinotto. pompalmo baht box best,.s.pellecrio san pellegrino italian sparking 330 ml 24 can melograno chinotto. pompalmo baht box best,101
14fe936d9ed6dcb6d231cad61255fa1c,,empty_record,0
043329b11fbdef70eec25ea114f4f4fe,cral,cral,4
f9ad26297ac4e84936a749b11d0f3301,makropro เช้อบสุด บกขบวนขนมแบรนด์ดัง snackbrands festival มันส์,makropro เช้อบสุด บกขบวนขนมแบรนด์ดัง snackbrands festival มันส์,63
a061108cbe751e310843649d475d06c6,brand day 170,brand day 170,13
03859fc97409a088b468ccf4faf01d3c,1700 ฮังเลย,1700 ฮังเลย,11
174961cbe735b9071c8e647501795d4c,grabfood mega sale grabbo,grabfood mega sale grabbo,25
6fe2cc6f86de797eacb668af7230e1fd,รวมโปรเดือดแบรนด์ดัง,รวมโปรเดือดแบรนด์ดัง,20
afab049a787d5f14f66da117dd5294b4,grabfood,grabfood,8
05a14e770d6383678335001844590619,เลือเพียง บ.,เลือเพียง บ.,12
c42df042493735f7d8e2464af44ac605,tops,tops,4
2ea6a231f603e018410b20e3c9a12fe9,ลด3 grabfood,ลด3 grabfood,12
3ffd3a4645797bf3d1c2ff6dcd3d3467,ลดเดือด ที่ line man lmkfc kfc ฮอทแซนเดอร์ 199.,ลดเดือด ที่ line man lmkfc kfc ฮอทแซนเดอร์ 199.,47
6ed261f64686b6b86c6e20f63e80e729,รวมโปรเดือดแบรนด์ดัง .,รวมโปรเดือดแบรนด์ดัง .,22
2ed2968ae8112446569aa4500b40a7f7,รวมโปรเดือดแบรนด์ดัง .,รวมโปรเดือดแบรนด์ดัง .,22
b839a1d604e01f2d3fba7bb5b0c053fd,70,70,2
d15256c95fca5c0fdd0c83e272284fc2,119บ grabfood,119บ grabfood,13
08e9284588a078cde959bc9968218ad6,เตรียมพบกับ รางวัลที่สุดของ ร้านอร่อยรีวิวดี,เตรียมพบกับ รางวัลที่สุดของ ร้านอร่อยรีวิวดี,44
c7710b9839bcaeaf73767cc23eca767a,เหลือเขียง 99 ลด3 ใหม่ grabfood mego,เหลือเขียง 99 ลด3 ใหม่ grabfood mego,36
edefb15182aaf969da6d5de724605963,สั่งครั้งแรก,สั่งครั้งแรก,12
cccfe050ea90653a5657656b62b43aae,รวมโปรเดือดแบรนด์ดัง,รวมโปรเดือดแบรนด์ดัง,20
9b639fe08d5a4d15d5802f3f836d79d4,เหลือเมืยง 3ไบ grabfood,เหลือเมืยง 3ไบ grabfood,23
79ec1e28e5a757d234fc5863770421c2,129บ grabfood,129บ grabfood,13
dc75a32f62f2488ae109d49ceb8fdc42,รวมโปรลดแรงจาก lineman ลดเลย 100.- ใส่โค้ด lnemam,รวมโปรลดแรงจาก lineman ลดเลย 100.- ใส่โค้ด lnemam,49
d4da8cb85a7feee0e29573e5f142eff0,cheesgchickenbite 69บ,cheesgchickenbite 69บ,21
2ac817d97b6ecc727bfe85aad4fe682e,เหลือเมืยง 39บ 99 ษ. grabfood,เหลือเมืยง 39บ 99 ษ. grabfood,29
eb427efb183c00be4282cc8a55125c79,119บ grabfood,119บ grabfood,13
ecf4169d74699a67e914e7f8623c8105,d0 grabfood,d0 grabfood,11
b8d81abd9d2022d1cd59ad5c5afddc13,รวมโปรเดือดแบรนด์ดัง,รวมโปรเดือดแบรนด์ดัง,20
9d9b703fb56d7055945304aac750c3d4,60. lmauntie60,60. lmauntie60,14
7ce19c542e80106920b899d658361922,59บะ 119 บ. grabfood,59บะ 119 บ. grabfood,20
63b8791bc0fb0ba03e9e22c7dbf899e8,89บ grabfood,89บ grabfood,12
1fd03e9bdd1bc6e9350ecc7980401204,social presence,social presence,15
6931c000b2702a572b6277ac38132904,คอหมูย่าองบาวเหนียว สดะ 39บ grabfood,คอหมูย่าองบาวเหนียว สดะ 39บ grabfood,36
8e98a9f52c7b4e1e39b1c09d2e73f9ef,สถไหญสบไว ดีลลดแรง ใส่โค้ด grabfood,สถไหญสบไว ดีลลดแรง ใส่โค้ด grabfood,35
d2ba0d6641855b51a2f6c221e8291914,hot dealsลดแรง รวมดีลสุดคุมที grabfood grabfood,hot dealsลดแรง รวมดีลสุดคุมที grabfood grabfood,47
ea9271c1af559650ad702939ce65cc10,119บ grabfood,119บ grabfood,13
1eac19b1ae0a3bc6b0615597726a5af3,flet python flet 3 in development,flet python flet 3 in development,33
1a5ff57ee21904a3cefc7899cd3af8f7,"เรียนต่อป.ตรี-โท ทุน macouarie university ออสเตรเลีย มูลค่า 250,000 สมัครด่วน สำหรับป 2025 ทุกคน idp","เรียนต่อป.ตรี-โท ทุน macouarie university ออสเตรเลีย มูลค่า 250,000 สมัครด่วน สำหรับป 2025 ทุกคน idp",100
40f193b5bfd7f20fc34de178f81ab04f,digital rketing agency g,digital rketing agency g,24
ef7b5d34dd9db16f7b792848c2425969,,empty_record,0
0990433195f7aed08c0e78f105f13a70,from now,from now,8
cb570c514eb198c0edd98a19c9e800f7,กางเกงกีฬาขาสั้น 60 ลดสูงสุดเหลือ 98 บาท,กางเกงกีฬาขาสั้น 60 ลดสูงสุดเหลือ 98 บาท,40
3da61c9be952a7a4c06591f96618ab2e,get allreg priced shoes,get allreg priced shoes,23
fdc856a65e8aa92bba1f398148e2e867,,empty_record,0
3c5b42a216be4b61a3b722cb058f446f,149. cliff เกาหลีเกาใจสุดฯ ลดหนักมาก รีบเลยเดียวหมด ทาง shopee,149. cliff เกาหลีเกาใจสุดฯ ลดหนักมาก รีบเลยเดียวหมด ทาง shopee,62
722dafa281c3a7816b1473d2405903e3,"สายโปรแกรมเมอร์ 3,390.-","สายโปรแกรมเมอร์ 3,390.-",23
5efc5db6c238f141ae07d4f29fce1b16,sale,sale,4
014d0ed34eee79379abbe992adaadcdb,50,50,2
3a46a40b976394eda0faeb03dc082d54,,empty_record,0
815c451318f9e63d679e5bb3a42f20df,,empty_record,0
383bf13d2e42969d08a59afe917a300a,ลุ้นเป็นฺ1ใน 6o lucky fans พฤษภาคม 2568 esailam sangdad homey studio,ลุ้นเป็นฺ1ใน 6o lucky fans พฤษภาคม 2568 esailam sangdad homey studio,68
05fa4b5e50195d776f9bff6742482750,,empty_record,0
587f1612fe73bf4bbefd36ba78b15f01,,empty_record,0
5b65e080a01b2032298e9456f59d8269,flash sale 80,flash sale 80,13
c73ad44c0cec9fc4fd4d68d4725f70f9,40 40 40 70 40 monday flash,40 40 40 70 40 monday flash,27
4893790c4100a0dd4b0ca400dce9f978,49oth8,49oth8,6
ca1a56135aca3dddce5e24ac27f1ca94,กางเกงยีนส์ คอลใหม่ gensiboy จัดโปรลด 70 คอลไทม 2025,กางเกงยีนส์ คอลใหม่ gensiboy จัดโปรลด 70 คอลไทม 2025,52
4fc4e9a327a181f2d2381be77b1cbd39,animate pixel art characters,animate pixel art characters,28
fe6eee09bace037b67c1755c605b673b,smart ออกโปข้างนอกหมดกังวล ไม่กลัวฝูนติดผ้า ผ้าสะอาค ทอมไร้ฝุน smart,smart ออกโปข้างนอกหมดกังวล ไม่กลัวฝูนติดผ้า ผ้าสะอาค ทอมไร้ฝุน smart,68
866f78a1db712d80af062efa81dfe66e,flash sale 80,flash sale 80,13
e35db3b9c65f5fc673ff3c13bd3d4c6d,.,.,1
4831d24f9ccf91f16854b768666aece2,เปิดบัญชี kkp savvy ง่ายๆ เพียง 3 ขั้นตอน l.8 ekkp,เปิดบัญชี kkp savvy ง่ายๆ เพียง 3 ขั้นตอน l.8 ekkp,50
12b0fb5e5bc6a36e01decee551f3cc51,"มีนาแล้ว ยัง 3,000 มีคีย์บอร์ดิ","มีนาแล้ว ยัง 3,000 มีคีย์บอร์ดิ",31
cbdf603dcc88b3a1c6566cb6c25d3a58,2025,2025,4
d353b4712fbdacb65079e3cb6d9d35c0,,empty_record,0
64fec1a216b000cd185db1e02d134cab,...,...,3
1be1e86eb2e073399a93e9df891b3501,"li bk ไม่ต้อง กู้นอกระบบ มายืม line ดีกว่า รายได้ 5,000 บาทท์ยืมได้","li bk ไม่ต้อง กู้นอกระบบ มายืม line ดีกว่า รายได้ 5,000 บาทท์ยืมได้",67
1dbeeec1ebf43d3e4a2278b97231fe74,web hosting ราคา คุ้มค่า การันตีผู้ไช้กว่า2 เหมื่นราย เลือกใช้ hostatom,web hosting ราคา คุ้มค่า การันตีผู้ไช้กว่า2 เหมื่นราย เลือกใช้ hostatom,71
4f2023694d0750f0cd90da32d52b5542,,empty_record,0
55444cd91d75e963b428d276a159c09f,ends tonight,ends tonight,12
d4c6443bff2c61cc8ab3d7d05815936d,,empty_record,0
c8335d280e26cf92ff8e70f2c7f2f4b9,flash sale,flash sale,10
7240741b40ecfeb386dc2d2091cad800,2 999,2 999,5
482156bd8b56500bacb695c9fbcde688,เปลี่ยน. เวลาติดจอ รายได้ new gen,เปลี่ยน. เวลาติดจอ รายได้ new gen,33
19c4e1d43798efcdd4c65c31c62cedec,จอย490.- aooau,จอย490.- aooau,14
53f7cd14b49272a235015d4cfc633771,1,1,1
4687423d9cfb29154b100214be5e51e7,ชั่นใส่ปากกา 99 บาท,ชั่นใส่ปากกา 99 บาท,19
5b7c222938f209a7770602f10533cfc3,deepsee' เปิดกลุ่มหาร ai เปิดกล่มหาร 7oo บาท คน ปี perplexity รวม ai ไว้ไนทีเดียว,deepsee' เปิดกลุ่มหาร ai เปิดกล่มหาร 7oo บาท คน ปี perplexity รวม ai ไว้ไนทีเดียว,81
c66276d922711d6aa4a52a35179322fd,eacles,eacles,6
9ecadaaa8c917df78d7b3b128f0ad3dc,80,80,2
0e9f47a018f3b65d05c1f562a9ea9578,weare hiring กองบรรณาธิการ,weare hiring กองบรรณาธิการ,26
c41ed63fda0b83c7c91fd970c69890ce,,empty_record,0
c74e0bed33dfe856c31e50ce13ff6373,"cardx cashback 13 1,000 3","cardx cashback 13 1,000 3",25
d8ca46618d143e96efd1331b9146d607,ศนีร้อน พัดลมติดผนัง,ศนีร้อน พัดลมติดผนัง,20
01778e2c5bfde6dae57311b7819942e4,,empty_record,0
2345212703358636bc26cca023faa391,สมัครขับแกร็บเดือนนี้ เด้งที่2 เด้งที่3 ฟรี,สมัครขับแกร็บเดือนนี้ เด้งที่2 เด้งที่3 ฟรี,43
5dfa7ca9242bdadcc3bbfed8f7b29074,"boombox3 bluctooth pantable speaker 19,710.","boombox3 bluctooth pantable speaker 19,710.",43
5b6fb45f425f7460cb67b603881e7c3f,อยากโทรอุย 149,อยากโทรอุย 149,14
8b860f065ff29c5c106a6d4212bb08eb,wordpress hosting พร้อมเครื่องมือสร้างเว็บ,wordpress hosting พร้อมเครื่องมือสร้างเว็บ,42
f026947cdb9758fb7547e49df5eb8059,012-610 6347,012-610 6347,12
c456edc0d9cdbcd0964bb3248391fc66,,empty_record,0
194dbe31efd505fff879d715616fbcdd,048 49ด. 4ด,048 49ด. 4ด,11
ecc63fa9bc7ca30c1d1468e06f499085,เปิดตัวที่แรก 28 มี.ค- 7เม.ย ayutthaya gity park 10 000-,เปิดตัวที่แรก 28 มี.ค- 7เม.ย ayutthaya gity park 10 000-,56
d10c30bf59f20ec73e53d817c7c05105,,empty_record,0
dc5ef1cf933e08521d27f0330bfccb94,cim california international marathon,cim california international marathon,37
ace17ae63ffa36decb90f2b32b2fbb81,oslech ของใช้สิตว์เลียง hypu,oslech ของใช้สิตว์เลียง hypu,28
31c110000675ab4ae32e91f12a817a73,3วัน สุดท้าย,3วัน สุดท้าย,12
29cbe732f0293107776b9cf5712763d5,toppa award,toppa award,11
8e406d4b3f8fe6edb0d66a03b78bc2f4,70 your name business management,70 your name business management,32
b3dd47e1f0d1856d4d17e70e25991466,"legacy half da 2i ooo 29,000","legacy half da 2i ooo 29,000",28
d61a49f777870f484ef1af4d2a9a60ad,06.03 ฉลอง 10 สาขาในไทย สินค้า เฟอร์นิเจอร์ ๖o,06.03 ฉลอง 10 สาขาในไทย สินค้า เฟอร์นิเจอร์ ๖o,46
f8eee81432665a09492a619591db644f,,empty_record,0
2ecca332d75fff7e1f24125ee5cfa96f,,empty_record,0
f5c09baab99d7cfd160b3cf96ea72088,225 .,225 .,5
64477594bbf713eb519be87eb8b4aeba,,empty_record,0
fe12c9fd947eb2b29a766788acf370c5,459 459.,459 459.,8
0643e92a3f3eab5b5e35e8a4839a1486,จ่ายเบี้ยตามที่ขับ 24 ประกันธถเปิดปด,จ่ายเบี้ยตามที่ขับ 24 ประกันธถเปิดปด,36
54a739bafd3f47d0a767150ae1040470,,empty_record,0
b3ae72019027e016c2c4113460ad64fb,ช็อคค ระวังศการ 2565 2567,ช็อคค ระวังศการ 2565 2567,25
0eeb0ca8b73fa7b85ac2e3b2a6ad55a2,2o million people already love spotify premium nowsthe time tojoin,2o million people already love spotify premium nowsthe time tojoin,66
48ad7efdb0df68db9bfe90f07b3b3526,"fwd we are one fyp 500,000 สนับสมุมค่าอุปกรณ์ 3,000 2,000 95,000 30,000 รับสมคร 280,000 087-6911414","fwd we are one fyp 500,000 สนับสมุมค่าอุปกรณ์ 3,000 2,000 95,000 30,000 รับสมคร 280,000 087-6911414",99
8e311e74a96d8c337c01a0a253a049a2,s 09,s 09,4
7408e32334a6914bd4efd5d7ff697583,renglish session,renglish session,16
0efb3786aa4a59eb276c3bbd6f0f2f78,app ทีคนรักทองด้องมี,app ทีคนรักทองด้องมี,20
246a2128b5493d2b868632c7cce4e379,balloow 29-30 mar 2025 time 05 00 10 q0 pmi chaweng square centralpattana,balloow 29-30 mar 2025 time 05 00 10 q0 pmi chaweng square centralpattana,73
c11acee570cbc97844e658c3d55d1dcf,,empty_record,0
0134e93cbb6a6f6bf04f487604e769ac,,empty_record,0
c04141105381822534d28c70a41d0cf7,ablockbuster september,ablockbuster september,22
367820f6cf0f0fbae099a1890109592b,"หลักสูตรภาษา programming สร้าง app 3,390.","หลักสูตรภาษา programming สร้าง app 3,390.",41
57075efa88bea4805c5e9ff300a924dc,1390.- fmen women,1390.- fmen women,17
c04a821b9624884f7015dd92b852d1df,"new bmw 33o 2,699,000.","new bmw 33o 2,699,000.",22
67dffd34653060962aec2255ba42d5d5,โปรลับ โบลัดกราม เพียง botox,โปรลับ โบลัดกราม เพียง botox,28
6aa0487fdca4d9cfdebe715031e03922,"ย้ายสายงานเปน 3,390 0","ย้ายสายงานเปน 3,390 0",21
cc6ed5d681eda44040323b0f91ed4f50,"จบโม่ตรงสาย ไมมิประสบการณ์ ก็เป็น data analyst ได้ . bootcamp data ready bootcam 6,500.-","จบโม่ตรงสาย ไมมิประสบการณ์ ก็เป็น data analyst ได้ . bootcamp data ready bootcam 6,500.-",88
2cd49e950bc1666bcd2abebf6cc13ed4,โปรเหมา ลบรอยสิว เลเซอร์,โปรเหมา ลบรอยสิว เลเซอร์,24
66e1ddb951996cc3b9f4cfd95f4a9daf,คอร์สออนไลน์น่าเรียน,คอร์สออนไลน์น่าเรียน,20
34cdc7da28b1eda66ba8b2fea89c6b3d,2 999.,2 999.,6
20b5d647b19ca4a57c60c7768fe48d7f,su3 โปร flash sale 333 333 333 333,su3 โปร flash sale 333 333 333 333,34
8773e08229808dce23de0e3c64887e8b,"26,900.","26,900.",7
5e40fd7110cdf7dab07ed0ea8c700592,สังคมบ้านหรู่ บนพื้นทีส่วนกลาdขน้าดไหญ่ chanapruek 2,สังคมบ้านหรู่ บนพื้นทีส่วนกลาdขน้าดไหญ่ chanapruek 2,52
bd55ae7bd9a792c4acaab91b763718ff,โปรนักศึกษา ธาคาน่ารัก,โปรนักศึกษา ธาคาน่ารัก,22
8ff425ce7f6082367f32e9fd4968641e,"เคุ้มแบบตะโกน _สวยทิ้งที ต้องสวยไทสุด 7รายการ 3,499. lunand เทมา","เคุ้มแบบตะโกน _สวยทิ้งที ต้องสวยไทสุด 7รายการ 3,499. lunand เทมา",64
1da16e4a74a080d0a438806cb3bee369,"growth hacking เป็น data analyst excel basic analytics ราคาเพียง3,390 บาn","growth hacking เป็น data analyst excel basic analytics ราคาเพียง3,390 บาn",73
e9b0937d8e86b88d261d144bf6eaadbc,"nyc ""จัมูกโด่ง...คม ไม่ต้อง...ผ่าตัด""","nyc ""จัมูกโด่ง...คม ไม่ต้อง...ผ่าตัด""",37
d94e84b68c7b98e99cb95336b5a2b401,,empty_record,0
35f3cfdc3ebfe25afcf0fda345a83f80,"2,999. โบลิฟด์กรอบหน้า 2,999 2,999 ล็อคหน้าตึง ลดรื้วรอย botox สุดคุ้ม จองดวน","2,999. โบลิฟด์กรอบหน้า 2,999 2,999 ล็อคหน้าตึง ลดรื้วรอย botox สุดคุ้ม จองดวน",77
f499290fc997b3d80e48716e7fe29e60,softwaretester ราคา 3490บาท,softwaretester ราคา 3490บาท,27
282ac1a8d9713a747eef3b40be1d2ad6,"lamina 10,","lamina 10,",10
94903b298672f3f4650c6c326d6aaa5c,เวียดนาม,เวียดนาม,8
4626e5ac3f007c3666ce0dff6f665d4f,"set กำสวย รายการ เพียง hugel 1od 2,990","set กำสวย รายการ เพียง hugel 1od 2,990",38
89e38dfd978b04417f3ad5de008bbf99,ลงลึก ทุกชินผิว 3590,ลงลึก ทุกชินผิว 3590,20
3bf432b916a86eda45fe3352266af1e1,"10 310,000 นิวซีแลนด์","10 310,000 นิวซีแลนด์",21
bd35f661d3b128363f7f506d6650c9cb,fat botox fat lifting 6รายการ miracle nleso,fat botox fat lifting 6รายการ miracle nleso,43
ad67ba9d4cd209a8dc4b10da743f3588,skilllane คอร์สสอนฟรี สอนตั้งแต่การไช้สูตรและฟังก์ชัน,skilllane คอร์สสอนฟรี สอนตั้งแต่การไช้สูตรและฟังก์ชัน,53
fc46061bb104125a0d169c77c4c194b1,"เลือกฉีดโค้ 3 cc กราม ทิ้งหมด 1,799","เลือกฉีดโค้ 3 cc กราม ทิ้งหมด 1,799",35
4c1487d293b94547a2ac1995ae4acc09,hvp douphin alon ut,hvp douphin alon ut,19
d514fd44df8f31e6c0cffcdcc07d9c05,"คอร์ส 3,300","คอร์ส 3,300",11
3581ab364a5dff9a1d3827f36fb765e8,kbank 25,kbank 25,8
43f629e725fbd2e0f37e865371b3854f,"ที่แอป samsung shop galaxy s24 ultra 834,900.00 1.000.-","ที่แอป samsung shop galaxy s24 ultra 834,900.00 1.000.-",55
902c0b87a0954afd42a3df823283cb3b,"ergoair 4,990.-","ergoair 4,990.-",15
7db8c22cfe20d8a91e641a035a5cad6d,"เริมต้น 10,999 unier","เริมต้น 10,999 unier",20
8b52aa9c4b6cf5eeb74ed893b56c149c,"โปรเดียว หน้าเรียวพุ่ง 1,799.- botox botox","โปรเดียว หน้าเรียวพุ่ง 1,799.- botox botox",42
f0d9ffbbb01cab694b530f6d7f6f91e8,"ราศา 1,990.-","ราศา 1,990.-",12
f22615a4e2baaa94baf09a236a0e7a88,"65w ราคา 1,990.-","65w ราคา 1,990.-",16
5cda5fe4d439ddff92ae5a9bcd687500,oligio ลดแก็มเทนียง ลด 50,oligio ลดแก็มเทนียง ลด 50,25
dcf4b036c61c4ea0f97bcc47fc9a566d,"เขียนอนาคต ตัวคุณ 400, 5,400, 7,400.","เขียนอนาคต ตัวคุณ 400, 5,400, 7,400.",36
6448888d4aea45b9dbf6fe9a27235648,acer rtx ของแก้,acer rtx ของแก้,15
67b3324d77191c334ec1852070f00452,"ทร้อบ สูงสุถ 500 บาท""","ทร้อบ สูงสุถ 500 บาท""",21
ffca8b6ae270d88e61f9aebce3642b24,"lumix ne dmw bg2e 13,990.-","lumix ne dmw bg2e 13,990.-",26
477bc1c805c46fb5a15fec21a24d6156,galaxy s24 ultra spen,galaxy s24 ultra spen,21
534ff92b27f3022ca08654e11822b217,summersale free 1 60 40762,summersale free 1 60 40762,26
c5c91ebc8e5da4ecca1535dd11207682,summersale 0 upto free,summersale 0 upto free,22
2c3eb81c4fec1980a622ee6cb3f0dd23,au a5.. wix pat,au a5.. wix pat,15
4ed22b5ef2dc86a60b9d6c839df35095,"เมือสะสมยอถ 1,000","เมือสะสมยอถ 1,000",17
42eaefbc1ae9cb63498cf2b1cea8c798,"12,900 pico lasea วuvelook zce vitaaan","12,900 pico lasea วuvelook zce vitaaan",38
1520699c953a7b9fc36ae54a9ffe654d,hello 2025 ddr5,hello 2025 ddr5,15
04a3579c972ca14b67262a42e4ec9157,"รับเครืองที่สาขา 3,000 onsite senrice สินค้าไหม่ 100 แก้ปญหา รวดเร็ว ทักแซท ตลอดระยะเวลา รับประกัน ตอบไว พี่เป่า การันติผลเทส","รับเครืองที่สาขา 3,000 onsite senrice สินค้าไหม่ 100 แก้ปญหา รวดเร็ว ทักแซท ตลอดระยะเวลา รับประกัน ตอบไว พี่เป่า การันติผลเทส",125
7648b2b2bbc3f17fa6e41143c2a4111b,,empty_record,0
df8d7ef3b1524ab575f4920e2d74e981,"2,999","2,999",5
c9f7bedb65bd2869e3ebadf9b849ad6a,อยากชนะต้องพิชิต,อยากชนะต้องพิชิต,16
03285e57aac4adad811a1f0857de7078,ดื่มด่าทุกฉากราวต้องมนตร์ cled bk ai,ดื่มด่าทุกฉากราวต้องมนตร์ cled bk ai,36
4aa6dd17d9ac33cccc8f7967e1e7f8fd,แลกรับเครถิถ ssb เงินคินสูงสุถ 13 กุกวัน,แลกรับเครถิถ ssb เงินคินสูงสุถ 13 กุกวัน,40
ee09c4558e657a3651cd898b510da191,"gummersale free poly bag pcs. ชื้อสินค้าครบ 1,500 บาทขึ้นไป","gummersale free poly bag pcs. ชื้อสินค้าครบ 1,500 บาทขึ้นไป",59
02e3a28007e414e45a23dc4f475ba179,,empty_record,0
789ee871f8f6343a8202244c96468d9a,cerave cera 52มล.,cerave cera 52มล.,17
92db1f48b6c09a41cb369e4b7c22eba7,โปรสวยสะท้าน sei2 เหมา5รายการ 15 995 ปกติ29 995 โบทนายง,โปรสวยสะท้าน sei2 เหมา5รายการ 15 995 ปกติ29 995 โบทนายง,55
100c4447a30ba3e6a99bcc325d547ccc,,empty_record,0
dc420495cdcdf27b9a7d04dd0eb3eeb2,hb 20,hb 20,5
f6b3497bb7ef8aa1c6b3442dc3976e83,ศภาลัย แอร์ ส่วนลด ค่าใช้จ่าน เวินโอนฯ 500 000,ศภาลัย แอร์ ส่วนลด ค่าใช้จ่าน เวินโอนฯ 500 000,46
96710eb00e122b70fb6cd0b2a027a6fa,"363.- 5บ""","363.- 5บ""",9
59317a1f911de127c6124ed7a8806b35,official store galaxy a56 5g,official store galaxy a56 5g,28
e5dd6d85999c9a0b7aac72fc226720f5,จ่ายบิลดีแทค ด้วยทรูมันนี ครังแรก รับเงินคืนท้นที 50.,จ่ายบิลดีแทค ด้วยทรูมันนี ครังแรก รับเงินคืนท้นที 50.,53
72cbba8a398247d6d0841c84b360b050,"galaxys25 series เป็นเจ้าของได้ง่ายๆ วันนี้ เพียงเดือนละ 1,246 พ่อน ดาวน 0","galaxys25 series เป็นเจ้าของได้ง่ายๆ วันนี้ เพียงเดือนละ 1,246 พ่อน ดาวน 0",74
3bba09ee0fcf12965d3866565b3f2759,,empty_record,0
ee9bd3d30ee1c52a7c4d352d6123d54a,,empty_record,0
db35ea5caa195513aa72d9184ad24f8d,ssd solid state drive usb type-c,ssd solid state drive usb type-c,32
d45300adb61933b07a8739db4af347ba,แก้ถ้วยตัวเอน โรคกวนใจ,แก้ถ้วยตัวเอน โรคกวนใจ,22
2d1210ed6fe1d30a23b0a30f16d2678a,กระบะ ส่งฟรี ใส่ได้ทุกรุ่น ฟรีถุงใส่ .,กระบะ ส่งฟรี ใส่ได้ทุกรุ่น ฟรีถุงใส่ .,38
efd8dd3ecba138d0c724f801f2ca67f8,oppo,oppo,4
95147a7b5dac8a16cd85695cd8ec3692,ultra high speed,ultra high speed,16
e5f690b8bd691495551fa2b35c542d63,ybc โปร 6,ybc โปร 6,9
abe0d2cb55385541472d391e1b9f2f12,honor x8c,honor x8c,9
d0ab369dc7b93c677098cdb0763b62a9,kitchen floor mat,kitchen floor mat,17
0a327d7ec0ab1b17cfcc067448e34e05,dr.,dr.,3
61765b3f63ce824cfabc3d96627874ad,duty free,duty free,9
dda97903ed4af04225801a0efbe2ec80,,empty_record,0
c7208d3da01428d21109546bb199503c,original store a6o 1668 51268 26 36 46 56 touci ld cod,original store a6o 1668 51268 26 36 46 56 touci ld cod,54
1aade87caa8e513b1ded854087b517b5,รถขาไกสำหรับด็ก,รถขาไกสำหรับด็ก,15
a21036af458ed5923714d742e7698582,poco x7 pro รับฟรี 3 ชิ้น แจ้งของแถมทางแซก,poco x7 pro รับฟรี 3 ชิ้น แจ้งของแถมทางแซก,42
ecd58dbddb1b611e3180efabef42fe4d,usb3.0 igb-1tb สิบเอ็ดความจุสามารถเลือกได้,usb3.0 igb-1tb สิบเอ็ดความจุสามารถเลือกได้,42
f29e55dfe03ee92ca274a7e937ca7a21,posax serum 50,posax serum 50,14
41472529335155e154cbe236d4877bda,พริดาเบน,พริดาเบน,8
c00fb3e800069483737db9ba3462b769,iiybc bame,iiybc bame,10
a1008603afe0cdad5c967fe62c10f702,pcle4.0 4 n990pr0,pcle4.0 4 n990pr0,17
2aec3733179dccf4c436af70dc2aa7c2,"original mi.2 pcle 4,0 game ssd support for ps5 replace nev years in stock","original mi.2 pcle 4,0 game ssd support for ps5 replace nev years in stock",74
0b173732b4a87929ddd01dcbfb51567d,. wp23 plus 52 hd android l4 13mp 2mp 106cว,. wp23 plus 52 hd android l4 13mp 2mp 106cว,43
d714bd6f009c72556307bd67099bc679,lcp smart prosector,lcp smart prosector,19
92441b4b686c81926f663b335627e1f6,hd,hd,2
d6f3ec2f51cea39ff634144bca71819a,ฝีมือประณีด เข็มขัดผู้ชาย,ฝีมือประณีด เข็มขัดผู้ชาย,25
00393256f63e03b7527859d9c4f2329f,bl multiple usage free shipping,bl multiple usage free shipping,31
60e921120f90224bddd24b7b98f5439f,founder 25668 cod,founder 25668 cod,17
a53640d56f13d2f7a5c85bd7aec3b2d4,mainญ x2 สำหรับทุกสภาพผิว no. zero,mainญ x2 สำหรับทุกสภาพผิว no. zero,34
672cec8e8f6e04307c7ca78b22e5efb4,1998,1998,4
d08cf4bd8255eb155812ccb23ab07bb2,ix3 สุดคุ้ม,ix3 สุดคุ้ม,11
855abedfd36da4aef43d493388b6c563,gift,gift,4
b8ac79969f4c471320e8b32cc4b6a942,แข็งแรง เหนียว ทน,แข็งแรง เหนียว ทน,17
954aba0b906c107a3a898e5844848ac2,,empty_record,0
a86694dbf42fdc903a1659ef3237caec,founder intel 256682 cod,founder intel 256682 cod,24
3c83da6ba8ebbc5520881e4e6bfee2e2,sharp 15.2 si xp47otp dk,sharp 15.2 si xp47otp dk,24
b8ae4ea6951736ef9bd7354e651a82a9,,empty_record,0
11a0926632124aa899d7e575af0a5eae,ของแท้ g 100 รับจากบริษัท โดยตรง ของล็อตไหม่ mitte-,ของแท้ g 100 รับจากบริษัท โดยตรง ของล็อตไหม่ mitte-,51
cc7ca39734b06288ab89dbf9cce29167,size,size,4
fcc40a25982f5a76b1449fb55d32a376,xiaomi tv a 2025 pro,xiaomi tv a 2025 pro,20
c18ca14bc7cad12cc83060522e1c364a,"75v6c ak hdr tv เซลใหญ่ ,19,090","75v6c ak hdr tv เซลใหญ่ ,19,090",31
06aa3a2896fa04ab1c869d696ac6d3de,,empty_record,0
0df15721eb8e409af2256fd6a62991e3,colors,colors,6
8d6bf6314a973e4c74054c8908385658,ร้านใหญ่ทีสุด ก้านไม้กวาด มัดละ วกก.,ร้านใหญ่ทีสุด ก้านไม้กวาด มัดละ วกก.,36
c2508dc649d8c4d13f67cf907d9c2dcb,"abl smart t 150. 2,309.","abl smart t 150. 2,309.",23
01db3ea4dd29142bf77a2398fe3a3e4b,drsomchal ราคานี้ ของผลิตใหม่๑,drsomchal ราคานี้ ของผลิตใหม่๑,30
64f4b72bac8be57aad4ddcc9e42402f7,388,388,3
5a39d66c659ff3cadc38acb4ac36cd85,ความจุ 145 ลิตร,ความจุ 145 ลิตร,15
3d9cb9f306f4ab5b6f4ca0b3479437d2,mior hd display,mior hd display,15
6e0317cee95b3c8f983f3636e161de3f,lazadd เซลใหญ่ วันเกิดลาชาด้า 1 25,lazadd เซลใหญ่ วันเกิดลาชาด้า 1 25,34
7a65ad4384dc7c200776bc8d82cd99c3,โมไฟหัวเสาโซลาเซลล์,โมไฟหัวเสาโซลาเซลล์,19
18861a3af6dfdf804e4ee2338af540ff,pay day ลดเพิมสูงสูด .,pay day ลดเพิมสูงสูด .,22
6b64d7bac283105d9175ce549a4460fa,"10,000. 2500 โปรคลายร้อน สบายกระเป๋า","10,000. 2500 โปรคลายร้อน สบายกระเป๋า",36
80bfc58901dd4d03d5e16d2c9efcc5e8,รุ่มโหม่ ดีลเด็ด จัดสงภายใน 24 ชม.,รุ่มโหม่ ดีลเด็ด จัดสงภายใน 24 ชม.,34
2eaab35d4539d4732b7f8ff847c501db,,empty_record,0
aa0742638f73694f9d517ba050ae824d,day 4,day 4,5
2c83b814773993a4f6a171e7f5669905,รับฟรี ของขวัญ charmiss 3oo,รับฟรี ของขวัญ charmiss 3oo,27
1d5b75c7b152dd058e2b3351a25d811b,29 march คู่กันแล้วดีดีลพิเศษที่ต้องมี,29 march คู่กันแล้วดีดีลพิเศษที่ต้องมี,38
28c3c1c188468c35ce03a0710932b3ef,ของรางวัล top สดพิเศษ อากเรา,ของรางวัล top สดพิเศษ อากเรา,28
371662ba72a1df3d868ccdf70e40582b,89,89,2
b67d39ac93003205994b19eb14c4c20d,,empty_record,0
1fd66515192cbb365a8a20f6eeef4c6f,"amda เซลใหญ่ 24 2 ทุ่ม วันเกิดลาชาค้า 29 มี.ค. 68 ลด4,200 สูงสุด","amda เซลใหญ่ 24 2 ทุ่ม วันเกิดลาชาค้า 29 มี.ค. 68 ลด4,200 สูงสุด",64
6a9749db415f7db56e1d730237bb342e,,empty_record,0
7eae3339213080ed9099bb252a97817f,birthday sale,birthday sale,13
47c2649735899c12375bb2a424867643,โคมไฟหัวเสาโซล่าเซลล์,โคมไฟหัวเสาโซล่าเซลล์,21
078f6cd5316fdbc1e15019bbeacdca26,,empty_record,0
9361003f5ca36986b62fc6fbad3bfc70,birthday sale 29 march,birthday sale 29 march,22
32e9e6627048daabe290c870504e64b8,ไร้น ครัง,ไร้น ครัง,9
216adf9aba385d4687a836ff7327e1f7,etc. etc.,etc. etc.,9
17cb4f3a305fe3b8859439de7b612909,xs protein แถน1 490 940 950.,xs protein แถน1 490 940 950.,28
1ca6027f632b59dee7011feca4f849a6,สเปรยแอลกอฮอล์ข่าเชือ 3.8 ซานี,สเปรยแอลกอฮอล์ข่าเชือ 3.8 ซานี,30
b257751832df0442e78612cdc581b182,sale up to 35,sale up to 35,13
f9b24ae66a2abf9ccbe7fe44d6d46fd7,special 2 class 8790,special 2 class 8790,20
dc915a6a46b1c1f510f0b47ff352e0b3,"33 1,055-","33 1,055-",9
8f966a51b9d901477e31987ed6112da4,valentines day,valentines day,14
e906e0a610794d55766b9fe2761c1bee,"ราคา 1,650 ..","ราคา 1,650 ..",13
6541ec810622f358dc92e081a52e99cb,summer 1oo.- 50.- 33.-,summer 1oo.- 50.- 33.-,22
43a4534211030e4caac61eeff133a839,,empty_record,0
f4f1453fc310c2b3118d443f3c790dc6,ครีมโสมสีทอง madam gold 6 กระบ๋ก,ครีมโสมสีทอง madam gold 6 กระบ๋ก,32
e9555ab363c1ba51e18f844e761854ce,si2e chnrt า 590,si2e chnrt า 590,16
610532553bf60d516a48dc097c4e75cc,199.,199.,4
b348517dc18feb04ae3bb85bd9fbdadc,,empty_record,0
f6542439bf37067b72e5d0248d69af40,58. mom flow fon,58. mom flow fon,16
5a21bc5c3ceae9fb1957c9d0f6bf0f16,ออร่าจับทุกกิจกรรม 1oo.- 50.- 33.-,ออร่าจับทุกกิจกรรม 1oo.- 50.- 33.-,34
fb06352df99655303cb399e6c2cce528,ของแท้ 100 สิ่งดวน antinol antinol 6o,ของแท้ 100 สิ่งดวน antinol antinol 6o,37
7c3be744c07e622a25b89e22c53e29b8,"summer breeze oh my., ขนหายต้อนรับขับเมอร์นี 8,232. ,592. 12 ครั่ง 5,000.","summer breeze oh my., ขนหายต้อนรับขับเมอร์นี 8,232. ,592. 12 ครั่ง 5,000.",73
583c016b7eff22e547589bbab056d536,บฟเฟต์ดินเนอร์ rier prawm lovers 799 1แถม1,บฟเฟต์ดินเนอร์ rier prawm lovers 799 1แถม1,42
2439df0bfd017a87e628e5e4d49df951,ของ 250.,ของ 250.,8
0dbaccd839f8a5cb883e4b13575819dc,dress,dress,5
61725ea5a681ad19de522faec360371f,กรม กรม,กรม กรม,7
12be5849fc81faee0d96f29b48a086af,ks promotion ฟินฟูอุลินทรีย์ลาไส ลดการ อักเสบ ต้านมะเธ็ง เฉลียกระป๋กละ 466 บาท เท่านัน จาก 590 เพียง 6 วัน,ks promotion ฟินฟูอุลินทรีย์ลาไส ลดการ อักเสบ ต้านมะเธ็ง เฉลียกระป๋กละ 466 บาท เท่านัน จาก 590 เพียง 6 วัน,106
f7eb6298fc3393885e0f3b69cf0c42bb,,empty_record,0
a80a91c09f6b05b7099ab95e36219d91,hot promotion 199 กักเคยไม่ด้องถาม เดือนนี้ แถบปรีถาม,hot promotion 199 กักเคยไม่ด้องถาม เดือนนี้ แถบปรีถาม,53
b6665dbd5cb0b6c6ff9db635a53c3d4d,"ชุดพืบฐาน1 ""หนังสือ พิเศษวันนี้ 450 บาท","ชุดพืบฐาน1 ""หนังสือ พิเศษวันนี้ 450 บาท",39
432cb11d09bdfcd4dcbc60b44dcb34b1,petalfigy,petalfigy,9
c4c4323f4daa26b036d364328c44b8ca,"7 กล่อง 30's 1,600. probac","7 กล่อง 30's 1,600. probac",26
0c63893f19c150c358b11e7e58134409,top,top,3
e13cce1be06dd0831cabca8ddbe34731,set ขุนมปัง เบอร์เกอร์โรยงา ซื้อ 3 ถุง พิเศษ 105.-,set ขุนมปัง เบอร์เกอร์โรยงา ซื้อ 3 ถุง พิเศษ 105.-,50
439eac46504fa97ef3db77998fd6c59e,restaurant operation makeover พิเศษ price 9 900.,restaurant operation makeover พิเศษ price 9 900.,48
4a9666071b1a58857bfed5f8cabe9181,อย่าลืมใช้สิทธิ ประกันสังคม ก่อนหมดปีนี้,อย่าลืมใช้สิทธิ ประกันสังคม ก่อนหมดปีนี้,40
49c832cfce7b8272ecdc93cf050a6abf,"โปรต้อนรับซับเมอร์ จัดฟินได้ โปรโมชันจัดฟัน เตือนละ 1,000. 899.","โปรต้อนรับซับเมอร์ จัดฟินได้ โปรโมชันจัดฟัน เตือนละ 1,000. 899.",63
4a9d44532f4e23135a5cf3ba2097738d,cool light ฟอกสีฟัน 59003,cool light ฟอกสีฟัน 59003,25
0a3ee009bfdf2136a22e63f5809056b5,benston music,benston music,13
9353fbe279d146d4fa23efd84b954bd4,mtebbb,mtebbb,6
1df90d341278bc2928f1ffec47ca5048,,empty_record,0
3d6cd4a36ffddea2a58653c88b856d28,,empty_record,0
a62a4f3b26871a61e1465faf76e171a1,,empty_record,0
88291f01a7d78a72693e7e8b37204db1,wนon. rm199,wนon. rm199,11
7aeb741a407d45d7bd545db378713e73,ihisisan,ihisisan,8
76f5c94ab50fe9e480da6137d0a04e3d,ระบบเก็บเสียง เงียบเป็นพิเศษ,ระบบเก็บเสียง เงียบเป็นพิเศษ,28
a47cd723a91584ecc4d6db98c6b63696,กระเป๋,กระเป๋,6
69acf4d89d1886ddbff2d03a2940d470,,empty_record,0
172212b57ab4142e2dc7e11888556868,วาสลีน โลชั่นกลูด้า_ไฮยา 300บล x2,วาสลีน โลชั่นกลูด้า_ไฮยา 300บล x2,33
7ce9092ff84f9f7497a6717f5f785187,l.2d0 mah,l.2d0 mah,9
2f9f175055e9878475a40e5ded4ba950,lastcall anv purchase,lastcall anv purchase,21
34d2aca6e09d1f381f3ab4f6fd094f12,กระดาษทชชู หนา 4 ชัน,กระดาษทชชู หนา 4 ชัน,20
2f04a8231f5e929cc5a9925e98ba56fd,ure. set จัดส่ง12 ชั่วโมง cod fishing equipment,ure. set จัดส่ง12 ชั่วโมง cod fishing equipment,47
6488224b44f40907029bc35ffc25c503,แก้วน้า แจกฟร,แก้วน้า แจกฟร,13
6b077974b9ea26334249c3896347ee7e,โฟมล้างมือ 200 สูตรออริจินัล,โฟมล้างมือ 200 สูตรออริจินัล,28
9ff84dcadff909de91ad45027a288b2f,ปลิ้กโฟอเนกประสงค์ ทองเหลืองแท 100 2ooow ของแท cod ปีสงเร็วไน24ชม,ปลิ้กโฟอเนกประสงค์ ทองเหลืองแท 100 2ooow ของแท cod ปีสงเร็วไน24ชม,65
51250a0b8ff276e535943fecfcc8f8f5,4omm,4omm,4
06866250d8deb0de4657e1fabd89b6e8,tero,tero,4
fedf9bd4c1fd28140a71634650f146dc,.,.,1
870cf99292f5bba18b8d873a99b9c4b4,,empty_record,0
8746fbec3bf4d36443ddcd2b03321244,,empty_record,0
7e2fd7993ee6c148cec53e359e171f95,อีด ไเบิ้ลต่อไม่มีสะดุด หมาป่าแดง,อีด ไเบิ้ลต่อไม่มีสะดุด หมาป่าแดง,33
e47e87e08200b761fd024ba1a6c39145,ปลายทา1 ckl 719,ปลายทา1 ckl 719,15
4b87d93eff8648e3b5af32138000b029,เนสกาแฟ 60ชอง กาแฟ 3 in1 หอมเข้มข้ม เอสเปรสโบ . กบรนด์อันดับ1 ขายเร็ว รวย ว,เนสกาแฟ 60ชอง กาแฟ 3 in1 หอมเข้มข้ม เอสเปรสโบ . กบรนด์อันดับ1 ขายเร็ว รวย ว,75
e665267f9709c511228c6efbcd899811,ใบตับ,ใบตับ,5
c7afcc083f8d4e177e19e7d4f441f5dd,oppo a76,oppo a76,8
b83cd48cfac9a33aae77a7a9259c0cbf,noise reduction wireless noise canceling headphones,noise reduction wireless noise canceling headphones,51
1b82438f2819d2784eba7a84c90bee6e,,empty_record,0
17187fe1bd1ce31afb41c13b342ede1b,ขาวหอมจัตรสม um,ขาวหอมจัตรสม um,15
c7a1987ef22b66c29cd0b56d4e16d5ce,มิตราปัม,มิตราปัม,8
26e4986603e1a22eddce6532ff3cd02a,,empty_record,0
46758a53863e8ab7a1fdabb998fa3892,,empty_record,0
c0a8109e199f537445e1bbdebd3f1609,alask4 vorcano pore clar stick agwort acne clav stick,alask4 vorcano pore clar stick agwort acne clav stick,53
7e28997ebf120f09f5d52c9e711ebddf,bio ขายดี อันดับ,bio ขายดี อันดับ,16
10c4a3456bcee6103b530258e64505d3,พัดลมขนาดพกพา iiybc,พัดลมขนาดพกพา iiybc,19
1428f296ea990145b858a05842c9db03,they deserve blowout. 20 off,they deserve blowout. 20 off,28
4b7e7f8d8f375246458dde3043eca36f,,empty_record,0
fe842360a889b9338cacaa0f14de52db,,empty_record,0
4e1a4594aaf9babc2d34bce85d0f1a2c,"studio on top 600.- ไข้แคบัตรประชายน 30,300,","studio on top 600.- ไข้แคบัตรประชายน 30,300,",44
eb93a1ad92f7376bfa75416f4dec662e,ผ่อน,ผ่อน,4
d9b795c1b913ba53e98cc7e70116508a,"als 56 20,200. เคร่องเปล่า 26,900, .","als 56 20,200. เคร่องเปล่า 26,900, .",36
77211275e4f18d8343adfa466c34d5b6,ระคับ ipx7 กันนำ mother 08,ระคับ ipx7 กันนำ mother 08,26
9170458ce0b208073cfcf436e5f020ec,biowitt whev ช็อกโกแลต ิเศษ ฮ้อน 23วัน เข้มข้น 150 ทานได้ kcal,biowitt whev ช็อกโกแลต ิเศษ ฮ้อน 23วัน เข้มข้น 150 ทานได้ kcal,62
e9739f6b4e6699dd141820adca306da1,of work wto,of work wto,11
2d7be32d9c859c60c856ed76ad3c4860,ปลดล็อกตาเทพ ..,ปลดล็อกตาเทพ ..,15
ebb2c12698082af126fe23e5be16337b,"amda acer aspire 13,990.","amda acer aspire 13,990.",24
b6f8c6ba38eee1df506df038aab2f91a,"iphone 16 ลดหลายพัน 26,790 33,790,- 41,790.","iphone 16 ลดหลายพัน 26,790 33,790,- 41,790.",43
ba14be8a39bccc02ac847b1bc499ad9a,ราคาพเศษ 900. 4 sale povday,ราคาพเศษ 900. 4 sale povday,27
606b8687cc034d3521d181e37be67a67,taodanc music shor,taodanc music shor,18
8b07e953b6947ecdb83fecb9177a9ec9,"studio riphone13 ลด on top ooo.- 14,900.","studio riphone13 ลด on top ooo.- 14,900.",40
0e08ceaa3c484698d8e300784a734d3e,"amda asusviobook15 17,990.","amda asusviobook15 17,990.",26
f92f744e0110134baba9eb0d441db795,เหนือขั้นกับ,เหนือขั้นกับ,12
f5710d218308c93c91c1238be3426e59,"ฉลองวันเกิคลาชาค้า 41,790.- 20,590. 2 331.-","ฉลองวันเกิคลาชาค้า 41,790.- 20,590. 2 331.-",43
81d0e1fd16c6943b125538fd33efeca4,แถมฟรี ขนาดพกพา ขวด,แถมฟรี ขนาดพกพา ขวด,19
6787704764cea39e9122bfafd5d4be24,มุ้งประตูกันยุงและแมลง ติดตั้งง่าย เหมาะกับทุกขอบประตู มีหลากหลายสีให้เลือก,มุ้งประตูกันยุงและแมลง ติดตั้งง่าย เหมาะกับทุกขอบประตู มีหลากหลายสีให้เลือก,75
d11a4b535471acbd8e6e7210c60a7640,"iphone15 dynamic ojummov 20,800. 2,080","iphone15 dynamic ojummov 20,800. 2,080",38
13baf3addffe6faabaa3d0022465069e,gt-1 กทบ. บีส่งดวน,gt-1 กทบ. บีส่งดวน,18
681b43564d4a7b5fd6b6ddfaa1fc0c91,"มีนากลัว igalaxy ยัง galaxy s25 ultra 46,900. 52,900.- 62,900.-","มีนากลัว igalaxy ยัง galaxy s25 ultra 46,900. 52,900.- 62,900.-",63
0530bd5225893e18d5d87ef2f0283bc6,"iphone 16 3,000.- 26,900.-","iphone 16 3,000.- 26,900.-",26
72a71b6bbf3674d0dc19d152e58abbc6,091 - อ,091 - อ,7
618cc1ca87c5a469a42b140fc14187ef,"iphone16pro oummov 33,790 37,790 3,379","iphone16pro oummov 33,790 37,790 3,379",38
52440d9cea1e1f490b295b5ecfba49e9,,empty_record,0
2dfc4d978aef4e4888ddf6a96bb86cb5,bans ld สลับไานเสียง ระคับ ไม่มีของแถมฺมีแค่กีค้าร์,bans ld สลับไานเสียง ระคับ ไม่มีของแถมฺมีแค่กีค้าร์,51
0163ee5b87c1763f1701f58bbe9b4460,"ลดสงสุด 8,000 เครื่องเปล่าเร่มต้น 28,900.","ลดสงสุด 8,000 เครื่องเปล่าเร่มต้น 28,900.",41
83fbc69e93ce647fea7632fb8723b335,everyday sport short ภางเทงกีฬาขาสัน 199.-,everyday sport short ภางเทงกีฬาขาสัน 199.-,42
094df820933d833a2729c0403b7df2f2,ยาทัมใจ ปวดาัวใจ เข็นไข้,ยาทัมใจ ปวดาัวใจ เข็นไข้,24
33af0b1bfdf578a9742a6fe89bdc9fff,o ผานแอบ,o ผานแอบ,8
4e5d28c20ce58965d58a6e11a9078f05,ทีสุดกันแดด ต้อง ka aka . เอาอยู่,ทีสุดกันแดด ต้อง ka aka . เอาอยู่,33
8a09ac561a1c9302a7f6be3f925af5b4,,empty_record,0
e95e3e092ce061b2f52101f41df08a1c,iphone 16 series,iphone 16 series,16
5728f6151f9ce67db0f1655612de8d65,"iphone 16 pro 7,000.- 41,900.- max","iphone 16 pro 7,000.- 41,900.- max",34
fecca717958f28a39c3bd4f7bcabd2b7,"35,900.","35,900.",7
34cf13756ee01e578fc37b0ec7d8ce60,". payday 35,990.",". payday 35,990.",16
99a64cc6dd19382956258d3e308ab2cc,shiyoda แบ่งขายเป็นเมตร ...,shiyoda แบ่งขายเป็นเมตร ...,27
63232b6f57342117169487649ba7076d,jomepro ลด fuash sale,jomepro ลด fuash sale,21
7e1c0ed30f4b52092333c6f3e9b0650b,galaxya56 samsung finonce,galaxya56 samsung finonce,25
981c8404259c13be76805efdcff787ed,"ais 35,000. เกรืองเปล่า 41,700.","ais 35,000. เกรืองเปล่า 41,700.",31
5103c30dcb25d6665d25954db434baee,,empty_record,0
718b6490d462dc5a407c2b32a3fa2d20,,empty_record,0
c78921e0469e4473e25eb9a236142484,souar carbon,souar carbon,12
be0d8911ec708162de82e0e45fffeaf3,off .,off .,5
2b6b179f28000fa1be91117360bac917,shell motor oils sale,shell motor oils sale,21
607044eca2d832bbef0e828b4aedf51c,.,.,1
1bfb87be567207d6dc5c9fd649915ecc,watch 399,watch 399,9
1eb755837e2e19b862f79bf7ae79497d,pr0,pr0,3
28f71f2045aa9187b94f602d32d572b7,iconic whites freshans,iconic whites freshans,22
f912365cd01cbc1a49dcee34f52d860b,12 months,12 months,9
c34706e0b5ec7dc028e2384664d42598,,empty_record,0
7a0ed5f3e2ff4ab334020d55fc8e62cc,premium 16 pack,premium 16 pack,15
760215c8d0444e762ca751cf26e4b719,dyson supersonic smoother air means smoother hail,dyson supersonic smoother air means smoother hail,49
0a9b32d2726d869197575df29fe41d41,,empty_record,0
56e932e425dda0bafcb6090442bb06ea,20 0 27,20 0 27,7
8452f3598d352d4cf01a9bf7e3038fec,400,400,3
3c956423a829b1b4cc709de09c5eca2c,sale 9 60 off,sale 9 60 off,13
4b43d064843579c9a832c7105dc63bcc,aif off,aif off,7
0d3a4fa3c8d639f289fc3a6a7802f93f,,empty_record,0
b877f9ca6ce189dd1ca8be2cebd831e4,walmart 149 thursda 2888 125,walmart 149 thursda 2888 125,28
d988602aabe178d7e1c9b3af42ee89ad,drop the,drop the,8
08ffe7fab217dd1be986aa1dfb4b85e0,reinvent future,reinvent future,15
487f2e952eeaed449fb5ad87db9dc3a2,sale,sale,4
ffd4102a17ec4f1a87fccca11aa93959,up to 50 off shop now flash deals,up to 50 off shop now flash deals,33
75b1afab4c43529f3331961872b2f2bc,,empty_record,0
b4ab58ad529f93f6d92d2303a929db4f,macntosh out,macntosh out,12
c358a0bd356244ff8cc08f3f05ca1b3c,iif,iif,3
41421a3c44148385ee73c1ce76877874,,empty_record,0
39f561478cca54d59c07fc0c0144d9eb,perfume,perfume,7
e44a90e3d911ea2f885406bec4b3ffda,yak club เก cashback on more,yak club เก cashback on more,28
235c9e2a626c18d7dc69022fcb63f910,100,100,3
7af6feb8a0049d223cf9377b24b82649,,empty_record,0
3ef77a8c842f4fa0d42d051008c40789,,empty_record,0
a0fc994ef702a3dac8480b211d60bcb5,,empty_record,0
d0dfe3a31775856996f68952ed46beb8,,empty_record,0
c8c2932eba5d7a608cf34972a1bb18f8,effectively protect your family from mosquito bites,effectively protect your family from mosquito bites,51
85c563b10b4e9165aab4a79c6dcabedd,,empty_record,0
8bb0ce51f2cd723116aedbf2a29bb3cb,total body pits freshness chest toes down below od,total body pits freshness chest toes down below od,50
8e0b27c0ba7dc9130e0f2d61179e682c,,empty_record,0
12c0534829b29bcaa76ff4b5e1647a08,logiich g29,logiich g29,11
d004faa7bb252922791ddad33d43ddc4,,empty_record,0
bb1c11218f28a3fb654ee8534745d7db,3- n-1 caa phome holder,3- n-1 caa phome holder,23
c943d2259eed60d74f442255615c8f4a,the the merrier yeti,the the merrier yeti,20
364b6aac2fcc94d778d3b1d0f372c4f7,prdflex 2x 85lb 38.6k6 srhde,prdflex 2x 85lb 38.6k6 srhde,28
5afce9a2bf31d5e1e27df0d1b57492ce,"25,000 scratch tests no marks","25,000 scratch tests no marks",29
1dcb745f3749a25826bb805b061f817f,heights rit with the the skin your seams do lscend ultimate method outseam adopting touch not,heights rit with the the skin your seams do lscend ultimate method outseam adopting touch not,93
e7d4bcb39e3d6328f547eb629ee43f4c,"siiersstrong,","siiersstrong,",13
8f92d2e4d441ab579884a3a4b85c24f4,,empty_record,0
f4e28140068f641ea6358192bf95ddea,flextail mosouito repeller tiiv repel,flextail mosouito repeller tiiv repel,37
6b78565b075af7f4a65d03760186a13d,aylormade,aylormade,9
e71c984cd59188d0272b33f77ebb8541,exp32 bla,exp32 bla,9
be441e53bf48e3dc0dab6d302bcc50d2,cumfrt reuefneu ..,cumfrt reuefneu ..,18
19f62dabe383b80a89f3dea71f6597ca,thick foam trucks rvs,thick foam trucks rvs,21
009697c01a6144308615f7a79b8fb420,power all your high energy devices 30,power all your high energy devices 30,37
8901e85d6824805288f88c339c0ca584,301b,301b,4
aff6f406280a1bf678fd0fb9fc79f1a1,nose and ear hair trimmer best gifts,nose and ear hair trimmer best gifts,36
70d678cf805397e1f0a0dc1452d6732a,,empty_record,0
0a5313aa7460f246d5b812c48cb8d6fc,"18"" 21"" 52"" 27.08","18"" 21"" 52"" 27.08",17
d9b625846e32e3eb6f3ca6e19183fdbf,smart soft white lightbulbs amaton basics,smart soft white lightbulbs amaton basics,41
cf5ffec43d8dd8d04ea7467b5a196346,usa,usa,3
7df89ea63f6e17570a35820e217ea099,coming march 2tth .,coming march 2tth .,19
25d5e6afede2b0ab520ca4bc775f0fd9,stan 4.1 lie delivery time bet 5 bonus auec for order every,stan 4.1 lie delivery time bet 5 bonus auec for order every,59
7d88ca4972b64d99e34a2c0f538f316c,,empty_record,0
3cf53957816a6a43a3917d2a5218b415,,empty_record,0
7ed34c3371d752e549e1a4e59dce7ad3,,empty_record,0
e6fa81c1f798cd343aa6bd6ccb1a77c4,usstock 1 100 pack,usstock 1 100 pack,18
13ecef554999ccdaa241420c5f39f817,instant delivery xbox gamepass gold 1month ultimate existing users,instant delivery xbox gamepass gold 1month ultimate existing users,66
b3f0c17601aea5070a9fb1af88ef2b48,,empty_record,0
8edb2a0f7c5eb8b03f928b6c3a2d630c,now ส,now ส,5
2cdaa2234378edcf26799bea90b5568c,,empty_record,0
b46b2dd0fd66fed6ed03055283afab14,,empty_record,0
cd795be628a8e3a781f28386b9670853,5 pairs fast shipping,5 pairs fast shipping,21
58bb5d8b616eae24ab3b1902595e678e,,empty_record,0
50ac2b5ec6b8e83469005cc72fce59c5,2pcs,2pcs,4
a53ce6acd5542be60f0858a279f86980,ง10 upto,ง10 upto,8
1a21f6ee467df51845638fb7c0909063,,empty_record,0
a02a323718160820f41ea43ad612aef0,usa,usa,3
1df9d99e735f254826521f2a1e503619,,empty_record,0
deb81e42305947e1e01fe540c9dbae9b,,empty_record,0
86a6613b0e614969720ca86865d59ebb,,empty_record,0
bf4d61c08a5cd179deda308bf0b34f54,,empty_record,0
8f26a9a62549a91ad87ccf8699ec9869,,empty_record,0
c81ca701b9491d167e68723344a30c5f,8ok,8ok,3
6ca4b06ba0bd4c4a4a2c42f5c9aa9fc1,,empty_record,0
68fd1c55f329242a3fc362ca02ecbf94,การันตีของเด็ด จากชุมชน,การันตีของเด็ด จากชุมชน,23
fe99730e76f3f76fa7dc6b39c41c07c8,450g soog a.5kg whe free deliery 3og,450g soog a.5kg whe free deliery 3og,36
4b8cb6dc20087bbfba2f35f31d94f774,sio.00,sio.00,6
e049584cceb4b9e04149b0089f21efed,sopcs,sopcs,5
fe8be4c9767d92e8008539f05d7a9ddd,partners,partners,8
42e1350bc6d356e25aba2185bacf8690,,empty_record,0
90f39ed7616f4c0d2eedc2b2ec4f788d,5,5,1
3df95234c78f8bb9f673c7c909c4ff0e,fedex,fedex,5
98d17cbe3557ec167fd40184806187ca,sale,sale,4
9658c75fae2a614dd0bb7abc77060cfb,disney on ice,disney on ice,13
2d91c2b55de7f742169c72b33e4ba2d3,like,like,4
793d37d3e180a4cd73613414d6f362b2,มีให้เลือกหลากหลายลาย คาแรกเตอร์ที่คุณรัก,มีให้เลือกหลากหลายลาย คาแรกเตอร์ที่คุณรัก,41
5b1e910d3857c3b08155bfaf27944b0b,รับลิมิเต็ดไอเทม,รับลิมิเต็ดไอเทม,16
67718830c1623f31b64afa323f11bae4,ราคาพิเศษ rocks 999 bodvslam bicass ร็อคจัดเต็ม,ราคาพิเศษ rocks 999 bodvslam bicass ร็อคจัดเต็ม,47
c366687bd7c2c29b22bfd8bfb7906422,มาพร้อมe slipโอนเงิน ลายพิเศษ,มาพร้อมe slipโอนเงิน ลายพิเศษ,29
04f38e24cfae41029b7aed250ecd03d9,บัตรสวยทุกมุม,บัตรสวยทุกมุม,13
a8a98d6bdde180affc25b391c0bd4c9e,"ครบรอม futureskill package 4,400.- 5,400.- 7,400.- 490 คอร์สเรียน .","ครบรอม futureskill package 4,400.- 5,400.- 7,400.- 490 คอร์สเรียน .",67
9cca0fb7dd9e1de482048a8008a63d72,องค์กรไหน ไม่รู้เรื่อง martech เตรียมตัวรั้งท้ายขบวน fartech exp,องค์กรไหน ไม่รู้เรื่อง martech เตรียมตัวรั้งท้ายขบวน fartech exp,64
a3485ed036fdd6c8d71875833958e178,กรงเทพธุรกิจ ทักษะคน ต้องเก่งกว่า ai เปิด,กรงเทพธุรกิจ ทักษะคน ต้องเก่งกว่า ai เปิด,41
594a64037e63d9299560ea612b968c4b,เวลา 7 00,เวลา 7 00,9
595d74ae87522edb56d9528c74b4d849,บัตรเดบิต ทีทีบี ออลล์ฟรี ดิสนีย์ ไมชาย์จ 2,บัตรเดบิต ทีทีบี ออลล์ฟรี ดิสนีย์ ไมชาย์จ 2,43
d61aa29cb28db4b037379a46fdd2b78e,สมัครเลย ส่วนลด 10000,สมัครเลย ส่วนลด 10000,21
0016a8e1df1f3e860d6730ea3a8d8abc,"best data tools dato management data analsis คอร์ส data analytics tools เรียนครบทุกทักษะในราคาพิเศษ3,390 บาท","best data tools dato management data analsis คอร์ส data analytics tools เรียนครบทุกทักษะในราคาพิเศษ3,390 บาท",108
0d06c39f5d77efe5b2a7abc51561a512,"ลดจาก 2,590 เหลือ 299 ถึง 15 มี.ค besi คอร์สเขียน โปรแกรม พืนฐาน python 3.3","ลดจาก 2,590 เหลือ 299 ถึง 15 มี.ค besi คอร์สเขียน โปรแกรม พืนฐาน python 3.3",75
6933c67150db3c1dc69d2dfff863fe19,di remotely ona schedule you choose.,di remotely ona schedule you choose.,36
c268db118a27f59ff525cbac35d9d927,อรอย เกินซ่อน,อรอย เกินซ่อน,13
1b03208b93ca35ef8b68a5c8b9de7811,,empty_record,0
09a68c4440995aeeb72ff840be0ee531,"เทสดีเตรียมเอฟ ลดสูงสุด 40 โค้ดลดเพิ่มสูงสุด 2,000.- ผ่อน 0","เทสดีเตรียมเอฟ ลดสูงสุด 40 โค้ดลดเพิ่มสูงสุด 2,000.- ผ่อน 0",59
784f2f4a899714c8458db79694ebeee3,kbank 25,kbank 25,8
a1ac349c6acaf0f7121f15e5f317393e,nac2025 เจาะลึกทกเทรนด์ ai ทิคุณไม่ควรพลาด ลงทะเบียน,nac2025 เจาะลึกทกเทรนด์ ai ทิคุณไม่ควรพลาด ลงทะเบียน,52
e2b1c345fccea71cc5124dec4549ac01,,empty_record,0
c01f028464716a081efd778923490896,innovate with ai build tech driven businesses,innovate with ai build tech driven businesses,45
f183ce893923a240db191b49bb134893,"aisalllane 2,990 3,000","aisalllane 2,990 3,000",22
39824b2fa995390ef32151677fd7821b,10 40 sustaining innovat -,10 40 sustaining innovat -,26
0812ecb2aaab464a86dc9bc2f714c803,"พลาดอีกที รอปีหน้า คอร์ส dev ลด 888b javascript., react., flutter., golang","พลาดอีกที รอปีหน้า คอร์ส dev ลด 888b javascript., react., flutter., golang",74
0677ef618aaf6da8ee19b2eacc567126,levrs . ลด15 ลด 20 เอพาะกีร้าน levis,levrs . ลด15 ลด 20 เอพาะกีร้าน levis,36
7299b663093daf5c3b09fa61a498732b,เปีดรับสมัครรอบ2,เปีดรับสมัครรอบ2,16
1712d2643802fd3d447e7f1c516773d9,อยู่ระดับไหน,อยู่ระดับไหน,12
227b2c7e58b7b490c0e6dc6b3a51578d,เรียน 1 วัน 88 บาท วิชา dev ที่มหาลัยมักไม่สอน api system design clean code,เรียน 1 วัน 88 บาท วิชา dev ที่มหาลัยมักไม่สอน api system design clean code,75
06ecf53576420b1f6a7449bbfc2674ce,สุดปัง กระจางใส,สุดปัง กระจางใส,15
bb6ebb3b03254c85ff1a007883992c8d,looking for postgraduate studyin the uk global scholarships available at newcastle university check your eligibility now,looking for postgraduate studyin the uk global scholarships available at newcastle university check your eligibility now,120
d7a46a85cc0c0b117a0a3dfc15dc0b0a,"roadmapเริมต้นเป็น data analyst แบบเข้าใจง่าย 3,390 บาn","roadmapเริมต้นเป็น data analyst แบบเข้าใจง่าย 3,390 บาn",55
7fdf6c683880846e4aad0a9f6e54ab4a,visionary product launch ลงทะเบียนเข้ารวมงานฟรี,visionary product launch ลงทะเบียนเข้ารวมงานฟรี,47
54d523bb1da67078bac22279ec0e6a7f,คอร์ส 88 บาท ใบเซอร์ python ux ui,คอร์ส 88 บาท ใบเซอร์ python ux ui,33
a8f9b4478c69504999b8ecfe1647cff9,intel,intel,5
096f55e2b10d803c4051c9e631a0e233,,empty_record,0
440279180ec17a66c6aa2a4812771756,compete for cash prizes from,compete for cash prizes from,28
7aeeb3162d041499e26caa09f5b5d0a6,namthip tops 134 ส่งฟรี ซื้อน้ำทิพย์ ครบ 10 แพ็ค ใบเสร็จ e coupon,namthip tops 134 ส่งฟรี ซื้อน้ำทิพย์ ครบ 10 แพ็ค ใบเสร็จ e coupon,65
b0b7546d80b81b630f9f712054223924,"แป.โท ออนไลน์""","แป.โท ออนไลน์""",14
b32a0090e524f96283c0cff51b99eaef,. statsics and data science,. statsics and data science,27
639786c71dcc5f3be5ab9b868ffb4299,learn web development js 5,learn web development js 5,26
32d4b78f0daa27960b06a17c0d195d5c,cre โปรพิเศษ ส่าหรับคน ลาดพร้าว,cre โปรพิเศษ ส่าหรับคน ลาดพร้าว,31
6d81be7769b02afa6994866e4e90e051,"หาเที่ยอบินราคาถูก กรุงเทพฯ เชียงไหม่ ,8305 เชียงใหม่ b310 trip com","หาเที่ยอบินราคาถูก กรุงเทพฯ เชียงไหม่ ,8305 เชียงใหม่ b310 trip com",67
6f37a99538853837ac9dd42c835f7e44,กรุงเทพฯ เบียงไหม่ b305 กรุงเทพฯ b305 กรุงเทพฯ b305 อุดรธานี กรุงเทพฯ เชียงราย กรุงเทพฯ b305 หาดีลตั๋วเครื่องบินแสนถูกด้วยแอป trip.com ภูเก๊ต,กรุงเทพฯ เบียงไหม่ b305 กรุงเทพฯ b305 กรุงเทพฯ b305 อุดรธานี กรุงเทพฯ เชียงราย กรุงเทพฯ b305 หาดีลตั๋วเครื่องบินแสนถูกด้วยแอป trip.com ภูเก๊ต,141
5d173a39f1d18b6a5d4896d329a7331d,เมืองานหล่นทับ มีเก้าอี้ซัพพอร์ตสรีระหรือยัง 50,เมืองานหล่นทับ มีเก้าอี้ซัพพอร์ตสรีระหรือยัง 50,47
cbbcf4f33d24ac05982399bb8a3b96f3,think youre than most theres only one way to know.,think youre than most theres only one way to know.,50
2b7300293818549afa30136dff142584,master degree พี่ขวัญ,master degree พี่ขวัญ,21
699166741bbf55f5f4bd4343dcc3620e,595 จาก 7oo,595 จาก 7oo,11
c5156da7de0acda4374165d8342a2592,si uk มาแล้ว ทุน great scholarship aoo ood,si uk มาแล้ว ทุน great scholarship aoo ood,42
6e16d3f6a4ad3d06919c6243c5718eb0,,empty_record,0
994bdfbfd871fde74fb469e624752e92,เที่ยวเกาะล้าน 3วัน2คืน,เที่ยวเกาะล้าน 3วัน2คืน,23
e5a836a0356dc3b5949c00eb9ddb2c08,,empty_record,0
62d04bf55fa25c0b1e4976346030997c,spring sale,spring sale,11
f000a0f5e71a56d81262fe8bab8b2b5a,cstu,cstu,4
ca7337f25230b8c60291929edd36682e,คณะสกิติประยุกต์นิดา รับสมัคธนักศึกษา ระดับปริญญาโท ภาคพิเศษประจากาศการศึกษาที 1 2568,คณะสกิติประยุกต์นิดา รับสมัคธนักศึกษา ระดับปริญญาโท ภาคพิเศษประจากาศการศึกษาที 1 2568,85
38841c5dfa097c6d49d4ef0a4cdbb92e,ชิงบัตรคอนเสิร์ต,ชิงบัตรคอนเสิร์ต,16
