Image,Words,CTA
Facebook_Food_107.jpeg,"['แน', 'แพะ', 'เห', 'ลพ', 'ทวน', 'ราคา', '่อ', 'ทธิ', 'แน', 'แห', 'โอ', 'ลลด', 'พิเศษ', 'ตม', 'โท', 'โฮ', 'ลปก', 'ติ', 'ควุรรภ', 'รวก', 'คอ', 'หมู', 'ย่าง', 'ข้าวเหนียว', 'เพ', 'ยง', 'เปก', 'ติ', 'เห', 'ทา', 'ทท', 'งลร', 'ทา', 'คห', 'อะ', 'เห', 'รธ', 'แห', 'พะ', 'โอ', 'แกว', 'ปกติ', 'คธน', 'ไย', 'มาม่า', 'เข็น', 'ตา', 'โฟตัมยําน้ขิน', 'กพ', 'เอน', 'ลด', 'พิเศษ', 'ปกติ', 'คด', 'ดี', 'กล', 'แนเ', '๒๐', 'ลด', 'เศษ', 'ปกติ', 'ร้าน', 'สาขา', 'เข้าร่วม', 'โปรโมชัน', 'สิทธิ์', 'จํานวนชํากัต', 'วัส', '่วนสต', 'ปื้อ', 'ตําลต', 'นื้อ', 'หน้า', 'ได้ส่วน', 'ลต', 'สุต', 'เชี่น', 'ไข', 'คา', 'ส่จ', 'เนื่อ', 'อาหาร', 'แนน', '๐๐๓', 'ไน', 'พื้นที่', 'กรุงเทพ', 'ปริบ', 'ณฑล', 'จิ', 'หวิด', 'เชียง', 'ใหป่', 'ขอน', 'แฉ', 'ทะ', 'แค้', 'ร่ว', 'บรา', 'ยศารสัวพ', 'รี', 'คุ้น', 'ทาร', 'สุ', 'กิ', 'โด', 'แนตร', 'ทุบ', 'ภา', 'พินธ์ธฐ', 'มีนา', 'คน', 'ไข', 'ตา', 'แที่ซคําหนด', 'ตาน', 'ข้อ', 'คําหนด', 'ปี', 'คา', 'รน', 'พเล่ะทน', 'ซ่อง', 'ทา', 'จเร็น', 'ไซต์', 'สะ', 'โท', 'ทาส', 'โทร', 'เทค', 'ไท', 'าอต่', 'เซน', 'สุ่', 'เงื่อนไข', 'เป็นไป', 'บริษัทฯ']",1
Facebook_Food_108.jpeg,"['แน', 'แพะ', 'เห', 'ลพ', 'ทวน', 'ราคา', 'ข้าว', 'กระ', 'เพรา', 'เนื้อ', 'บด', 'มค', 'ออสเตรเลีย', 'ไข่ดาว', 'ปก', 'ติ', 'คร', 'คุ้ม', 'คธ', 'ข่าว', 'ราด', 'คแภง', 'กลอง', 'ปกติ', 'ก๋วยเตี๋ยว', 'ไก่', 'กล่อง', 'กุ', 'พล', 'ดพ', 'เศษ', 'ปกติ', 'คธ', 'ฟรี', '๑๐๐', 'แค', 'รป', 'หมู', 'หยือง', 'แฮม', 'พริก', 'เผา', 'กพ', 'ฟรี', 'ชา', 'ข้าว', 'หอม', 'บก', 'กพ', 'ชา', 'ฟอง', 'มะลิ', 'ร้าน', 'สู', 'ขา', 'เข้าร่วม', 'โปร', 'โม', 'ชิน', 'สิทธิ์', 'จํานวนจํากัต', 'สต', 'เนื่อ', 'ปื้อ', 'ตั๋าลต', 'นื้อ', 'หน้า', 'ได้ส่วน', 'ลต', 'สุ', 'ไข', 'คําส่จ', 'สัง', 'ฮา', 'หาร', 'แบน', 'ไอ', 'ระ', 'พื้นที่', 'แล', 'ปริบ', 'จิ', 'จหร', 'วัด', 'เขียง', 'ใหป', 'ขอบ', 'แก่น', 'เล', 'ทะ', 'ท้า', 'ร่วน', 'ศารสงพ', 'ซี', 'ล้า', 'คุ้น', 'ทา', 'โล', 'แมตร', 'ทุ', 'นภา', 'พิบธ์', 'บา', 'คน', 'ป่น', 'ไข', 'ตา', 'แที่ซคําหนด', 'ตาน', 'ข้อ', 'คําหนด', 'ปี', 'คา', 'รน', 'พเล่ะทน', 'ซ่อง', 'ทา', 'จเร็น', 'ไซต์', 'สะ', 'โท', 'ทาส', 'โทร', 'เทค', 'ไท', 'าอต่', 'เซน', 'สุ่', 'เงื่อนไข', 'เป็นไป', 'บริษัทฯ']",1
Facebook_Food_60.jpeg,"['แทอ', 'เครป', 'กรอบ', 'กระปุก', '๓๓๒', 'เม', 'อซอสืน', 'ค้า', 'หนา', 'ร้าน', 'โร', 'ๆน', 'อะ', 'แมก', 'ปิอ', 'ทะ', 'รร', 'อเส่อก', 'โห', 'กล', 'ธธใหอทัทม', 'เต', 'ปก', 'รอบ', 'เยือง', 'ปัน', '็ก', 'สาย', 'ทร', 'เท', 'แร', 'งก', 'รร', 'เงื่อนไข', 'สู', 'ค้า', 'สมา', 'ชิ', 'กอ', 'โปรโมชัน', 'ล่า', 'ร่วมกับ', 'โปรโมชัน', 'อิ่นฑ', 'เฉพาะหน้า', 'ร้าน', 'สาขา', 'เอกมัย', 'ลูกค้า', 'สมัคร', 'สมาชิก', 'สมาชิก', 'เก่า', 'ร้าน', 'นัน']",1
Facebook_Product_118.jpeg,"['แผธีก์', 'เษ', 'ชิ', 'บร', 'โท', 'รร', 'ธน', 'เท', 'รร', 'ไผท', 'ตย', 'อะ', 'ปลดล็อก', 'พลัง', 'ข้อมูล', 'เชื่อมต่อ', 'ลุ่ม', 'เป้า', 'มาย', 'แเ', 'แพ', '๒๒๐๐', 'รหร', 'แอ', 'ทา', 'สื่อสาร', 'ใจ', 'โฆษณา', 'ตรงเป้า', 'หาร', 'แพ', '๒๕', 'เท', 'แนาวี่ยจ', 'โพน', 'คุ', 'นนนพือน']",1
Facebook_Product_131.jpeg,"['มะ', 'โฆ', 'เม', 'อเษ', 'คะแนน', 'เท', 'อคบแน', 'สแกน', 'อู', 'ลงทะเบียน', 'คะแนน', 'วธ', 'งสง', 'ทะเบียน', 'สิทธิ์', 'ทุกครั้งที่', 'ยอด', 'ฉ่า', 'เตียว', 'หมายเหตุ', 'สมาชิก', 'บัตเธ', 'เค', 'รติ', 'ตฯ', 'ลงทะเบียน', 'ทุกครั้งที่', 'ต้องการ', 'คะแนน', 'สะสม', 'แล', 'กรับ', 'ส้อง', 'สง', 'ทะเบียน', 'เข้าร่วม', 'รายการ', 'เตียว', 'สมา', 'ษิกบัตธ', 'เค', 'รติ', 'ตฯ', 'ยอด', 'ใหช้', 'ฉ่า', 'บัตธฯเทิต', 'โท', 'ไละไลง', 'เบือน', 'ไข', 'เป็นไป', 'บริษัทฯ', 'ธนา', 'คา', 'รก', 'ําหนต', 'แท่', 'ฉํา', 'ําธะ', 'คืน', 'เส็ม', 'อํานวน', 'สาม', 'ภําหนต', 'ฉะ', 'ตอก', 'เบี้ย', 'ส่อ', 'ปี']",1
Facebook_Product_134.jpeg,"['เปีส', 'ิธิ', 'ให', 'แล', 'อก', 'ลา', 'ยปฑ์', 'วฯ', 'เอ', 'สมัคร', 'ทิงลสกท', 'กา', 'ขา']",1
Facebook_Product_147.jpeg,"['สทพ', 'เศษ', 'บตร', 'เค', 'รด', 'ตร', 'นาคา', 'รอ', 'อม', 'สน', 'ใช้จ่าย', 'บัตร', 'คะแนน', 'ยอด', 'ซื้อ', 'ตัง', 'บาท', 'ขึ้นไป', 'เหลล์', 'สลิป', 'ศูนย์การค้า', 'เซ็นทรัล', 'สาขา', 'ช้', 'จํา', 'ชํา', 'ระ', 'คืน', 'เต็ม', 'จํานวน', 'ตา', 'มก', 'ําหนด', 'เสียดอกเบี้ย', 'ปี', 'โปรด', 'ตรวจสอบ', 'ข้อมูล', 'เพิ่นเติน', 'ลงทะเบียน', 'สิทธิ์', 'จุด', 'แลก', 'สบ', 'นา', 'ศูนย์', 'คา', 'ค้า', 'เงื่อน', 'โข', 'โป', 'ธนา', 'คา', 'รก', 'ําหนด', 'โปรด', 'ศึกษา', 'รายละเอียด', 'สื้อ', 'ธนาคาร', 'ไมีคพค']",1
Facebook_Product_16.jpeg,"['รเผิ้มอ', 'เร', 'ลท', 'ปี', 'เซ', 'พลาด', 'อก', 'รอ', 'หน้า', 'คอร์ส', 'ลด', 'ปูพื้น', 'งลงลร', 'หพิธล', 'ไน', 'ไล', 'ลทธุ์', 'โห', 'มร', 'ทอ', 'ฟโ', 'ไหม', 'ภาษา', 'ธเล', 'ทาก', 'ธลด', 'สมัคร', 'ในนาม', 'บุคคล', 'เรียน', 'ตลอดชีพ']",1
Facebook_Product_173.jpeg,"['ูสวฒว', 'สม', 'ครขม', 'รบ', 'เด', 'อน', 'นฆซะ้บ', 'โปร', 'หนัก', 'แฟร', 'เด้', 'งง', 'ทา', 'เค', 'ทงเฟ', 'ค่าสมัคร', 'ผู', 'รับงาน', 'ครบรอบ', 'ญี่', 'คย', 'ขับ', 'ระบบ', 'เดือน', 'กด']",1
Facebook_Product_20.jpeg,"['วิดีโอ', 'งา', 'ณะ', 'คม', 'สมัคร', 'รัน', 'จธา', 'คา', 'ซัอแม']",1
Facebook_Product_205.jpeg,"['ดู', 'อต', 'แหล', 'ไก', 'กุ', 'กก', 'ศัทิกงทกต', 'ปี', 'ต่ว', 'แข', 'ปง', 'ทยแน', 'ตา', 'แร', 'เห', 'เบอร์', 'วร', 'โน', 'ชั่น', 'ริบ', 'ส่วนลด', 'แอด', 'ไลน์', 'เแทล', 'โทร', 'เว']",1
Facebook_Product_207.jpeg,"['๑๐๐', 'ทา', 'หา', 'ธท', 'ไร่', 'วม', 'แพ', 'ฑาท', 'หา', 'อทหธรอทส', 'ธร', 'ทล', 'เธ', '๐๓๒', 'ปิ', 'ท่ง', 'ครบเครื่อง', 'เรื่อง', 'ขับ', 'แกร็บ', 'เวร', '๐๐๐', 'สมัคร', 'ขับ', 'รีบ', 'โปร', 'หนัก', 'เด้ง', 'ทม', 'จสมครขบ', 'รบ', 'เด', 'อวน', 'นณ', 'รู', 'โปร', 'หนัก', 'พู', 'ฟรี', 'แตด้', 'โปร', 'หนัก', 'แฟรแด้งงทิแน', 'เค', 'งก', 'กระเป๋า', 'แกร็บ', 'ใบ', 'กลาง', 'คา', 'สม', 'คร', 'รับงาน', 'ครบรอบ', 'คนขับ', 'ระบบ', 'เดือน', 'กด', 'รอ', 'คลิก', 'นี', 'สมัคร', 'ขับ', 'เฮ', 'ทน', 'งาน', 'อิสระ', 'สํา', 'หรับ', 'คน', 'มอเตอร์ไซค์', '๐๑๐๐', 'ทา', 'ทา', 'อท่ว', '๐๐', 'ทา', 'หา', 'อท', 'เจิดจ้า', 'บุญ', 'เด้ง', 'ดีมาก', '๕๕๐', 'นพ', 'ปู่', 'ทอ', '๐๐', 'ทา', 'หา', 'อทน์อขอข', 'อู', 'ฑา']",1
Facebook_Product_232.jpeg,"['รเว', 'ร้อย', 'ไหม', 'เส้น', 'เติมเต็ม', 'ใบหน้า', 'โปรแกรม', 'ร้อย', 'ไหม', 'กระชับ', 'ไบ', 'หน้า', 'เลือก', 'รุ่น', 'บริเวณ', 'เหมาะสม', 'ทีม', 'แพทย์', 'สาขา', 'หมอ', 'นุ่น', 'โอน', 'จอง', 'บริการ', 'เมษายน', 'แพ', 'าะ', 'โอน', 'จฮง', 'ท่อน', 'บริการ', 'สลิป', 'ยื่น', 'รัน', 'สิทธิ์', 'หน้า', 'เศาษ์เตอร์', 'ไน', 'วัย', 'บา', 'ริ', 'โปรโมชั่น', 'ฟิ', 'เศษ', 'ร่วมกับ', 'แทม', 'สด', 'โปร', 'โพ', 'ชั่น']",1
Facebook_Product_234.jpeg,"['๑๐', 'ราก', 'ปน', 'เทียม', 'ครอบ', 'ปฟ', 'ปัน', 'เซรามิก', 'งรไล', 'บิ', 'อทร', 'หรา', 'คา', 'ปกติ', 'ครอบ', 'ปน', 'เซรามิก', '๐๐', 'เค', 'ราก', 'เทียม', 'ไบโอ', 'เท็ม', 'กา', 'เกาหลี', 'ค่า', 'ยา', 'ปรึกษา', 'คุณหมอ', 'รี', 'รน', 'จ่า', 'ครั้งแรก', 'เญขียง', 'แบ่ง', 'จ่าย', 'ทันตแพทย์', 'เฉพาะทาง', 'คลินิก', 'ทันตกรรม', 'ซี', 'สไมล์', 'อุบ', 'ลิต', 'เก', 'จอง', 'คิว', 'ทําป', 'ฟัน', 'ริ', 'สาขา', 'วา', 'ริน']",1
Facebook_Product_237.jpeg,"['ณิ', 'เส', 'ๆสวผู', '๕๑๕๑', 'ะบจวลคเม่', '๒๒', 'ผี', 'ระ', 'สบ', 'ภัย', 'ขอบ', 'คุณภาพ', 'โห', 'ยม', 'โฆ', 'ธนา', 'คร', 'ไทย', 'พาณิชย์', 'บัญชี', 'มูล', 'นิ', 'พัฒนา', 'มพ', 'ผา', 'วิทยาลัย', 'เชียงใหม่', 'เซ', 'เวล', 'เม', 'เลข', 'บัญชี', 'สลิป', 'โอน', 'เงิน', 'ได้ที', 'ร็ต', '๑๒๐๐', 'วิ', 'ยู', 'มูลนิธิ', 'พัฒนา', 'วิทยาลัย', 'เชียงใหม่', 'ใแทธไค่', 'โอ', 'นท', 'สต', 'เอ', 'ทาน', '๒๑', 'มูล', 'นิ', 'ธี', 'พัฒนา', 'มหาวิทยาลัยเชียงใหม่', 'พรือบ', 'รี', 'จา', 'ระบบ', 'อี', 'ส่', 'ทสอทรรว', 'ตท', 'แท', 'รา', 'สอบถาม', 'รายละเอียด', 'โทร']",1
Facebook_Product_239.jpeg,"['ไซ', 'ทอ', 'เร', 'ไต', 'ออ', 'เต', 'งา', 'เท', 'การศึกษา', '๐๐', 'หอง', 'ค่าเรียน', 'สํา', 'หรับ', 'ปริญญา', 'รี่', '๐๐', 'นร', 'อพ', 'อะ', 'เก', 'รแต', 'ชวา', 'แผน', 'การเรียน', 'กา', 'รง', 'อวล', 'ออสเตรเลีย', 'จยแ', 'วี', 'ชํา', 'งาน', 'ออสเตรเลีย', 'ปี', 'เรี่ย', 'นจ', 'รจ', 'แล', 'รา', 'เต', 'แนสง', 'เรียน', 'นจกจ', 'เจ', 'ซื', 'เซ', 'ฉังง', 'สมัคร', 'ระ', 'แฮะ', 'ฟรี', 'ค่า', 'ดํา', 'ษัน', 'ตอน', 'เจ', 'สอบถาม', 'แล']",1
Facebook_Product_246.jpeg,"['๕๑๐๐๒', '่ว', 'ทท', 'เท', 'ลทท', 'ธลหธ', 'หา', 'งาน', 'ภาษาอังกฤษ', 'ล่าม', 'อังกฤษ', 'สอน', 'ภาษ', 'เห', 'เอ', 'พิ', 'ทาน', 'หท', 'วิทยาลัย', 'ผู้ประกอบการ', 'สร้างสรรค์', 'นานาชาติ', 'รัตนโกสินทร์', 'มหาวิทยาลัย', 'เทคโนโลยี', 'ราชมงคล', 'รัตน', 'ใก', 'สิ', 'นทร์พืน', '๐๐', 'ทา', 'ตฯะง', 'สมัคร', 'พนักงาน', 'วิทยาลัย', 'ขัตํา', 'แห', 'น่ง', 'นักวิชาการ', 'ศึกษา', 'โครงการ', 'คุณวุฒิ', 'ปริญญาตรี', 'อัตรา', 'อัตรา', 'ค่าตอบแทน', 'บาท', 'ค่าตอบแทน', 'ทักษะ', 'ภาษาต่างประเทศ', 'วันที่', 'เมษายน', 'อม', 'สาม', 'รายละเอียด', 'หิ่น', 'เติม', 'ได้ที', 'โทร', 'ๆฯว', 'มหาวิทยาลัย', 'เทคโนโลยี', 'ราชมงคล', 'รัตนโกสินทร์', 'สม', 'บัง', 'าน', 'บุคคล', 'วิทยาลัย', 'รัตนโกสินทร์', 'วิธี', 'การสมัครงาน', 'วิทยาลัย', 'ชั่ว', 'บมแ', 'ทา', 'เท', 'ทรท', 'รท', 'ลเธ', '๐๓๐', 'ฯหไส่', '๐๒', 'ท่อ', 'ทสร', 'ไหล', '๑๐', 'ลอรฝอพกลอทร', 'อทนอข', 'อู', 'แฑา']",1
Facebook_Product_247.jpeg,"['าะ', 'ชา', 'หส', 'จอง', 'โปร', 'โม', 'ชี', 'เดือน', 'ผ่อน', 'เดือน', 'รวมทั้งหมด', 'นต', 'แพทย์', 'ชํา', 'นา']",1
Facebook_Product_258.jpeg,"['แล', 'เต', 'เลีย', 'ฉน', 'าเริย', 'ปฏิ', 'ร่วม็', 'บท', 'สส', 'ทัด', '๒๐', 'เท', 'ตฟ', 'สมัคร', 'ทุน', 'สัมมนา', 'ออน', 'ไค', 'น์', 'คํา', 'ตอบ', 'เส', 'ดะ', 'รล', 'แพ', '๐๐', 'หา', 'อฮต่น', 'ลน', 'อทไลเณอทเลทย', 'ไล่', 'เท', '๒๐๒']",1
Facebook_Product_26.jpeg,"['อส์บเณ', 'ไห้', 'ทอง', 'สง', 'คธิ', 'บัส', 'โฮ', 'ทัง', 'ทธิ', 'บร', 'โท', 'ธร', 'รธร', 'ซิ', 'โท', 'รท์ท', 'ยู', 'ชะ', 'อี', 'ทอ', 'เวหอทอบ', 'เรท', 'โอ', 'เชเฟธิป']",1
Facebook_Product_260.jpeg,"['สนใจ', 'คลิก', 'ศิร', 'ๆจ', 'งว', 'ผ่อน', 'เดือน', 'เร', 'มต', 'ฟรี', 'ประกันภัย', 'ชั้น', 'ปี', 'เงื่อนไข', 'เป็นไป', 'ริ', 'ษักฯกําหนต', 'ตู', 'รายละเอียด', 'เติน', 'เว็บไซต์', 'เอ็บ', 'ตับ', 'เบิล', 'ซู', 'ภาพประกอบ', 'เฟื่อ', 'โฆษณา', 'อุป', 'ภรณ์', 'อ๊อป', 'ชัน', 'รุ่น', 'กี่', 'ขาย']",1
Facebook_Product_269.jpeg,"['เห', '๐๐', 'รธห', 'อา', 'ธย', 'เม', 'วจี', 'จอง', 'วอน', 'เต็ม', 'เฮ', 'หฟัรวม', 'อาหารเช้า', 'แบ', 'บเอ', 'เต่อ', 'ดสค', 'อู', 'รอ', 'หอ', 'เพ', 'ทาร', 'ทอ', 'ทท', 'ทาร', 'ออ', 'ธตรหญ่']",1
Facebook_Product_271.jpeg,"['ลอง', 'เรอ', 'ยอ', 'เจ้ะ', 'ยา', 'เจา', 'ติ', 'นเนอร์', 'หรู', 'ชม', 'วิว', 'ยาม', 'คําคินวทก', 'เร', 'รอ', 'ณะง', 'เตอร์', 'ฟู', 'เอ', 'รจหวห', 'จอง', 'จ่าย', 'สะดวก', 'บุฟเฟ่ต์', 'เต็ม', 'ไท', 'สลงทย']",1
Facebook_Product_284.jpeg,"['บคล', 'บาท', 'นา', 'ตฑท', 'งผลธบคลร', 'โบ', 'เอม', 'ฑท', 'อม', 'ธบอ', 'แอว', 'ห้อง', 'แห', 'ห้อง', 'ถ่าย', 'ภาพนิ่ง', 'งาน', 'วีดีโอ', 'ฉาก', 'ขาว', 'พื้น', 'โค้ง', 'ไร้', 'รอยต่อ', 'พรือม', 'ห้องประชุม', 'ห้องแต่งตัว', 'ห้อง', 'น้า', 'ตัว', 'สตู', 'ติ', 'โอ', 'ฉาก', 'ขาว', 'พื้น', 'โค๊้ง', 'เฑพร้อบฉาท', 'ผ้าพื้น', 'โต้ง', 'ว้าง', 'กก', 'ระ', 'ดาษ', 'ทร', 'ว้าง', 'เม', 'สร', 'สีต', 'ํา', 'สีเหลือง', 'ให้บริการ', 'ผี', 'เศษ', 'จอง', 'เส็ม', 'นน', 'กรวม', 'ชุด', 'ไฟ', 'ตุ', 'ดิ', 'ไอ', 'ฟหว', 'ชั่วโมง', 'รา', 'คาว', 'โบ', 'บาท', 'ไฟ', 'ล่อ', 'เนื่อง', 'บิ', 'แสง', 'ขาว', 'หัว', 'สา', 'บา', 'รถเช่า', 'ช่วงเวลา', 'าก', 'ทัด', 'จํานวนคน', 'ที่มา', 'ใช้งาน', 'ศฑญู', 'ค่าใช้จ่าย', 'กา', 'รน', 'ํา', 'อุปกรณ์', 'ไฟ', 'ค่าใช้จ่าย', 'ทา', 'รน', 'ํา', 'สัตว์', 'เสี้ยง', 'เข้ามา', 'ถ่า', 'ยา', 'เช่า', 'คช', 'จฉ', 'อุก', 'จิก', 'ที่จอดรถ', 'ขน', 'ท่า', 'อุป', 'ทรณ์', 'สะดวกสบาย']",1
Facebook_Product_34.jpeg,"['รับสมัคร', 'รอบ', 'หลักสูตร', 'วิทยาการ', 'คอมพิวเตอร์', 'ระบบ', 'สารสนเทศ', 'สาขา', 'ขิญญา', 'ระบบ', 'อ๊จ', 'นิ', 'ริ', 'ฮะ', 'ภน', 'สาย', 'คระ', 'อัต', 'ภาร', 'ระบบ', 'สาร', 'สม', 'เทศ', 'เรียน', 'เสา', 'อา', 'กิย์', 'ขอบ', 'ตรร', 'สาย', 'รับสมัคร', 'เมษายน', 'แซง', 'สอบถาม', 'เพ', 'เติม', 'ณะส', 'ลิ', 'ติ', 'ประ', 'ยุคต์', 'ถา', 'นัน', 'บัณฑิต', 'พัฒน', 'บริหาร', 'ศาสตร์', 'ด้ากณ์']",1
Facebook_Product_37.jpeg,"['บควดง', 'เจ', 'งน่', 'สร้าง', 'รายได้', 'เสริม', 'บ้าน', 'การสอน', 'โค๊ด', 'สมัคร']",1
Facebook_Product_387.jpeg,"['๒๑', 'เต', 'สส่ต', 'โร', 'เจ', 'โอ', 'อร', 'ธธผดวฮูง', 'จัน', 'เค', 'ปอง', 'ลด', 'เพิ่น', 'ยอ', 'สั่งซื้อ', 'คับ', 'ฟรี', 'เบพลฒฆยจก', 'ดู', 'ปอง', 'งยง', 'แกน', 'จํานวนจํา', 'กัด', 'เฮพาะ', 'สินค้า', 'ร่ว', 'บรา', 'ยอ', 'ดุก', 'ซิ', 'หัก', 'สด', 'จอง', 'แกน', 'สู', 'กค', 'รัน', 'ข้อความ', 'ขืน', 'บัน', 'คาง', 'ไห้', 'สทรร', 'นอง', 'เก', 'ภาพ', 'นือนให', 'เป็นไป', 'ริ', 'นัททําหนต', 'ปี', 'ซ้อ', 'แล']",1
Facebook_Product_39.jpeg,"['ช้ยนห', 'ไจ', 'เท', 'ใส', 'คอ', 'รส', 'บาท', 'เบ', 'เชอ', 'รส', 'อน', '๒๐๕', 'ฝ่า', 'อทบบ', 'ฟื้น', 'ฐาน', 'โพล', 'หอ', 'ธทธ์', 'เท', 'ธหทษิล', 'ธิทส', 'บิ', 'อง', 'ไห่', 'ลทลธ', 'ทา', 'ธท', 'สมัคร', 'คน', 'สมัคร', 'แล้', 'วจะ', 'เรียน', 'ชั่วโมง', 'เวลา', 'ชํา', 'ระ', 'เงิน']",1
Facebook_Product_40.jpeg,"['เท', 'รนต์', 'วัต', 'ทร', 'รม', 'ทาร', 'ตลาด', 'ดิจิทัล', 'แป', 'ลี่', 'ยน', 'มุมมอง', 'ยกระดับ', 'ทล', 'ยุทธ์', 'อนาคต', 'วิสัย', 'ทัศะด', 'ตับ', 'แนญเน', 'บ้า', 'ธุร', 'ทิจ', 'คุ', 'เปสไฬิน', 'ลงทะเบียน', 'ฟรี']",1
Facebook_Product_403.jpeg,"['แขน', 'คธ', 'เม', 'ยจรค', 'พี', 'เศษ', 'ติ้งพิล์บ', '๑๓', 'ติดตั้ง', 'ฟิล์ก', 'รา', 'โน', 'เกท', 'ฮะ', '๐๐', 'วอก', 'เวิผพ', 'เศษ', 'ทุ', 'กรุ่น', 'ผูล', 'ค่า', 'ปู', 'ค่า', 'จอง', 'ไค้', 'มษาขน', 'เงื่อน', 'ไห', 'โป', 'ดาม', 'บริษัท', 'กํา']",1
Facebook_Product_420.jpeg,"['ษิล', 'ฝ้า', 'ัน', '๕๐', 'ทย', 'เทา', 'แก๊อสท', 'โท', 'รอ', 'อย', 'รท', 'อลท', 'โท', 'ลเไธอทอรอโ', 'แล', 'สู', 'เพ้อ', 'ทล', 'เทค', 'รอ', 'ลทอขอ', 'ทะ', 'ใท', 'ใหทอ', 'ยู', 'ส่ล', 'บัก', '๐๕๐', 'เป', 'นค', 'รง', 'ทรอ', 'แน้นแน', 'นา', 'นที', 'สิง', 'ต้องการ', 'หน้า', 'เว็บ', 'ิเลงร', 'ไลฟ์', 'โผล่', 'เกม', 'ษิไล', 'หู', 'ไท', 'แอ', 'ทธ', 'ภาษาไทย']",1
Facebook_Product_424.jpeg,"['เทศ', 'กา', 'คๆ', 'ขา', '๒๑', 'สวน', 'รามายณะ', 'แจก', 'ส่วนลด', 'ปัง', 'เชน', 'ไค๊แพ่ยง', 'แอด', 'ไลน์', 'เลลลํา', 'ลิ', 'พรัรจ', 'สวัสดิ', 'ปี', 'ให', 'ม่ะ', 'รท', 'รก', 'มีนาคม', 'เมษายน', 'แท่', 'นัน', 'บัตร', 'มิถุนายน', 'ทณาร', 'ปีน']",1
Facebook_Product_429.jpeg,"['๑๑', '็ไ', 'เส', 'ฯฝ', 'โปร', 'หน้า', 'สเววร', 'เติมเต็ม', 'ใบหน้า', 'โบ', 'อเมริกา', 'รบ', 'ผลิตภัณฑ์', 'สวีเดน', 'เลือก', 'บริเวณ', 'ลด', 'กราม', 'รี', 'วร', 'อย', 'ลิพต์', 'กรอบ', 'หน้าจฑ์์ๆจ', 'แฉ', 'ทีม', 'แพทย์', 'สาขา', 'หมอ', 'นุ่น', 'โอน', 'จอง', 'บริการ', 'แมษายน', 'โอน', 'จฮง', 'ท่อน', 'บริการ', 'สลิป', 'ยื่น', 'สิทธิ์', 'หน้า', 'เศาน์เตอร์', 'วันที่', 'บา', 'รัน', 'บริการ', 'โปร', 'โน', 'ชั่นฟิ', 'เศษ', 'ร่วมกับ', 'แตม', 'ส่วนลด', 'กัม', 'โปร', 'โบ', 'ชั่น']",1
Facebook_Product_438.jpeg,"['บหอพม', 'สมัคร', 'เรีย', 'เค', 'ยอง', 'เฟจ', 'เลือก', 'รอบ', 'กค', 'ิต', 'ศาสตร์', '๐๐', 'อังกฤษ', 'ซี', 'ขา', 'สมัคร', 'เย', 'อร', 'คร', 'สนใจ', 'ติดต่อ', 'สมัครเรียน', 'ศูนย์', 'คุ', 'มอ', 'สาขา']",1
Facebook_Product_44.jpeg,"['เกก', '๒๐', 'ยณ', 'เฉ', 'ฎา', 'ชัย', 'คุ', 'ณี', 'วา', 'ณอัศรพจศ์', 'เอก', 'พล', 'รัฐ', 'ศรัณย์', 'ประเส', 'ริ', 'ทา', 'ทร', 'ภัราวิชญ์', 'เธค', 'ชิน', 'ธา', 'ตา', 'พง', 'ชัย', 'เอ', 'ประเส', 'ริ', 'ชุ', 'ลรบใพศาสทิจ', 'ติว', 'เข้ม', 'โล', 'แท', 'มือโปร', 'เรียนจบ', 'จับจุด', 'เทรด', 'ผลก', 'ํา', 'ประยุกต์', 'ใช้ได้', 'ส่น', 'ขยาย', 'เทรด', 'เท', 'รนตด์', 'โลก', 'สมัครเรียน', 'ฟรี', 'วันที่', 'กพ', 'ตัน', 'คําแตือน', 'ทุบ', 'ศึกษา', 'ข้อ', 'มูส', 'ความเข้าใจ', 'ลักษณะ', 'สินค้า', 'เงื่อนไข', 'ผลตอบแทน', 'ควาน', 'เสลี่ยง', 'ตัดสินใจ', 'ลงทุน']",1
Facebook_Product_443.jpeg,"['กะ', 'ข้ม', 'กี', 'มภัหลงฐ', 'จิ', 'ๆๆเลือ', 'ปป', 'จา', 'จอง', 'เดือน', 'บี้', 'เดือน', 'หน้า', 'ฟรี', 'ติด', 'เครื่องมือ']",1
Facebook_Product_461.jpeg,"['ศศ', '๑๒', 'ใส', 'คทสบู', 'ระ', 'เท', 'รฒก', '๐๐๒', '๓๐', 'รส', 'อส', 'ลงทะเบียน']",1
Facebook_Product_47.jpeg,"['รหบ', 'กฆ', 'แล', 'ูคดต่กวทน', 'เอ', 'เร', 'รม', 'คโ', 'เร', 'ไพ่', 'โช๊', 'ทุนการศึกษา', 'สํา', 'หรับ', 'ผู้สมัคร', 'ประเทศ', 'ไท', 'ยจด์สืร', 'มูลค่า', 'บาท', 'สํา', 'หรับ', 'ศึกษา', 'งน', 'ระดับ', 'ปริญญาโท', 'ปี', 'สหราชอาณาจักร', 'เรท', 'เณฑ์ร', 'รู้จัก', 'ทุน', 'นี', 'ลอทไล', 'ต่', 'ทล', 'วูวอส', 'กท', 'ไอ', 'อก', 'รน', 'ลหต', 'เซ้า', 'ร่วมงาน', 'สัมมนา', 'ทุ', 'นร', 'หอ', 'ทอน', 'เรอ', 'ระ', 'ซ่', 'ไท', 'อเส', 'เล', 'เร', 'จา', 'กบ', 'อิ', 'นร', 'โห', 'ธิทร', '๐๐๕', 'นาค', 'มน', 'รเบพอท', 'โอ', 'ธิน', 'แหน', 'เท', 'ทห', 'อัง', 'คา', 'รน', 'อโศก', 'พสุ', 'ขุม', 'วิ']",1
Facebook_Product_471.jpeg,"['๑๕๒', 'ณิ', 'ฟรี', 'สมัคร']",1
Facebook_Product_479.jpeg,"['รดท์ทอททอทอร', 'สมัคร', 'งิ', 'ชิ', 'ผ่อบ', 'ผ่อน', 'ผ่อน', 'ผ่อบผ่อณน', 'ผ่อย', 'เดือน', 'เดือ', 'ยา', 'เดือน', 'เดือน', 'เดือบรศ', 'ศศิ', 'ผวน', 'แจ', 'เม', 'สพ', 'ราคา', 'ผ้อ', 'เดือย', 'เด', 'รถิต', 'เงิน', 'คืน', 'โต้', 'ร์บ', 'พร', '๐๓', 'วจา', 'กะ', 'สจจ', 'จกิวสลใทายอร', 'ทอน', 'นน', '๐๓', 'วแว', 'วะ', 'ลจ', 'แล', 'เห', 'ตหโช', 'แล', '์ชัชาเช', 'ศึกษา', 'ข้อมูล', 'เพิมเสิม', 'ฟิพพ', 'แร']",1
Facebook_Product_49.jpeg,"['สติ', 'ติ', 'ประยุกต์', 'นิด้า', 'สคร', 'แค', 'ศึกษา', 'ระดับ', 'ปริญญาโท', 'พิเศษ', 'ประ', 'จํา', 'ภาคการศึกษา', 'เย', 'ปัญญา', 'ประ', 'ดลิษฐ์', 'ระบบ', 'อัจฉ', 'รี', 'ยะ', 'ระบบ', 'สาร', 'สน', 'เทศะ', 'วาบ', 'เสี่ยง', 'ความมั่นคง', 'ไซเบอร์', 'รับสมัคร', 'เมษายน']",1
Facebook_Product_490.jpeg,"['๑๐๐๕', 'เท', 'เล', 'ฟุ', '๓๑๓๒๕', 'รน์ทน', 'มีนาคม', 'รพ', 'ชี', 'ภัธะ', 'ปลดล็อก', 'พลัง', 'แบ', 'เค', 'หป', 'เพ', 'โทร', 'รร', 'ถะ', 'ทล', 'ศัพค', 'ลปก', 'ติ', 'นก', 'ดิ', 'เอ', '๐๐', 'ฉือบ', 'เทศ']",1
Facebook_Product_505.jpeg,"['แร', 'ดีล', 'แรง', 'ซัมแมอร์ทอ', 'ทอ', 'หลา', 'กรุ่น', 'เท', 'ทอ', 'ทอ', 'ทท', 'ทอ', 'กเฉ่อๆกๆกๆสสจเฒ', 'เกา', 'ผ่อน', 'เค', 'รฯเนื่อ', 'สมัคร', 'แพ็ทหกจต', 'เท', 'ี่คําหนศ', 'เงื่อน', 'ไห', 'เป็นไป', 'ดาม', 'บริษัท', 'เทา', 'หนดย์ค']",1
Facebook_Product_513.jpeg,"['ญฆดลดคี', 'เวร', 'เด', 'จอง', 'บ้าน', 'คอนโด', 'ศุ', 'ภา', 'ลัย', 'เลือก', 'ดีล', 'ดั้ง', 'ใจ', 'เฟ', 'รี', 'เครื่องใช้ไฟฟ้า', 'ฟรี', 'ปอน', 'ฟรี', 'ส่วนลด', 'ชน', 'รง', 'เว็ง', 'ูล', 'ค่า', 'สู', 'สุ', 'ดง', 'นง', 'ยี', 'ลน', 'เฉ', 'ตัง', 'บค', 'เม', 'ขธธี', 'ตู', 'ไอ', '๐๐๓', 'รายการ', 'แส', 'ริม', 'เป็นไปตาม', 'ริ', 'ษัทกําหนด']",1
Facebook_Product_545.jpeg,"['เทือ', 'ทัง', 'ครรแต', 'เนติ', 'เศร', 'ริ', 'งหด', 'จี', 'กรด', 'ระ', 'ขะ', 'เวลา', 'จอง', 'ศสขอวัฒฑ์จ', 'พาง', 'โจวัม', 'สอบถาม', 'เติบ', 'อร', 'เท', 'นก', 'เร', 'ระ', 'ซุน', 'กพพพเช', 'รัน', 'ทย', 'ยอก', 'ทส', 'ซื้อ', 'ตั๋า', 'ท่าน']",1
Facebook_Product_55.jpeg,"['ปยบเบ', 'แพ', 'เอ', 'อห', 'ผา', 'เอ', 'ลงทะเบียน', 'ร่วมงาน', 'มีนาคม', 'เหง', 'ข้อมูล', 'ตํา', 'แห', 'น่ง', 'เจาะลึก', 'งา', 'นง', 'เฟ', 'เสาร์', 'วันอาทิตย์', 'ครอบ', 'เช้า', 'รอบ', 'บ่าย', 'สามย่าน', 'มิตร', 'ทาวน์', 'ฮอสล์', 'ชั้น', 'เห', 'สามย่าน', 'ทางออก', 'สมัคร', 'โอกาส', 'ปี']",1
Facebook_Product_558.jpeg,"['เชียง', 'ไฮ', 'จอง', 'ทวร์']",1
Facebook_Product_58.jpeg,"['กอ', 'ทน', 'ซื้อ', 'ทิพย์', 'แพ็ค', 'ใบเสร็จ', 'เส', 'พระ', 'สั่งซื้อ', 'คแมย', 'เงื่อนไข', 'เป็นไป', 'บริษัทฯ', 'กําหนด']",1
Facebook_Product_75.jpeg,"['ศศ', 'ณะธซ', 'เอ', 'พคธห', 'โท', 'รบ']",1
Facebook_Product_90.jpeg,"['ธุฐิก', 'ชะ', 'หห', 'เปด', 'พิอลอร', 'แล', 'ภิ็อท', 'โอกาส', 'สร้าง', 'รายได้', 'หลัก', 'แสน', 'เดือน', 'ครึ', 'ปี', 'ภิหอเลฮออ', 'ไอ', 'ภ็ยอทท', '๐๐', 'เท', 'อล', 'กราย', 'ขึ้นอยู่', 'ทับ', 'งํานวน', 'ดีล', 'มูล', 'คํา', 'รับสมัคร', 'มีนาคม']",1
Instagram_Product_102.jpeg,"['เด', 'บคอวนีแต', 'อป', 'ตัว', 'อผู', 'แอ', 'ผปผป', 'โท', 'ออ', '๐๓๐', 'เร', 'ทร', 'กุ', 'นอ', 'นิ', 'ทสท', 'ไอ', 'ทร', 'บป', 'ตรี', 'มพปสบป', 'ทัก', 'รลค', 'ทอ', 'ไก้', 'ทร', 'เท', 'รอ', 'เทตย์อท', 'เร', 'โทร', 'เพ', 'ผป', 'ตรี', 'โท', 'ฑลน์อทสน', 'ตลก', 'ธต', '๐๑๒', 'แง', 'เฟหท', 'พื่อหอพ', 'เก', 'ศร', 'ทร', 'โล', 'ยทตรใอทใหอท์ผฆาษ์ฒิ', '๐๐๐', 'ทท', 'ออ', 'ไอ', 'ทร', 'สุ', 'คกพบ', 'ตรี', 'โท', 'กเชิมธให', 'เฮ', 'รร', '๒๐', 'อท', '๐๑', 'กเลทงร', 'ลก', 'อททลน่อทลน', 'วาง', 'แพ', 'ผน', 'เรียนต่อ', 'นิวซีแลนด์', 'ภับิ', 'บริการ', 'ฟรี', 'สืน', 'ตอน']",1
Instagram_Product_108.jpeg,"['ปัก', 'ปรง', 'ภัย', 'ไซ', 'เพอร์วทอ', 'เอ', 'ทอ', 'ทอ่ล', 'เริม', 'ปกติ', 'ใส่', 'โค้ด', 'อห', 'ลูกค้า', 'เบอร์', 'ใพม', 'สมัคร', 'แพ็ค', 'เก', 'จ้บ', 'ระ', 'ค่าบริการ', 'ล่วงหน้า', 'สัญญา', 'เฉือนศ์ย', 'ดี', 'สตี', 'เจ็งน', 'ไข', 'เป็ย', 'โป', 'ตาน', 'คอ', 'ก่า', 'ดนอร', 'อา', 'ง่ยสง่วบส']",1
Instagram_Product_16.jpeg,"['เาบ', 'เรียนต่อ', 'ตรี', 'โท', 'ไค', 'ออ', 'บคอไมปลร', 'ไข', 'ออสเตรเลีย', 'มูล', 'ค่าสมัคร', 'ด่วน', 'วจสํา', 'หรับ', 'ปี', 'ไท', 'คค', 'พม', 'รบ', 'ริ', 'ฟรี', 'ขั้นตอน']",1
Instagram_Product_21.jpeg,"['ธง่ทอท', 'ไท', '๕๐๒', 'ทา', 'ลทฮบเฏ', 'เแ', 'ภิ', 'แอ', 'สมัคร', 'นี', 'บาท', 'เรียน', 'ไลฟ์', 'เฟส', 'บุ๊ค', 'สัปดาห์', 'ชั่วโมง']",1
Instagram_Product_28.jpeg,"['ซๆ', 'ไหล', 'เอ', 'ทภิ', 'หา', 'พอล', 'ทอ', 'เอ', 'หอ', 'รร', 'ทรอ', 'เอส์ก', 'แส', 'พหค', 'วต', 'รร', 'สมัคร', 'บัตร', 'แพลทินัม', 'นี', 'สิทธิประโยชน์', 'มูล', 'คํา', 'บาท', 'เป็นไป', 'ตามเงื่อนไข', 'กําหนด', 'จํา', 'แสะ', 'ธํา', 'ระ', 'คืน', 'เต็ม', 'จํานวน', 'ตา', 'มก', 'ําหนด', 'ดอก', 'เบนี้ย', 'คํา', 'ปี', 'ภิอ', 'เห', 'ทอ', '๑๐', 'ผิ', 'สิทธิประโยชน์', 'บาท', 'สมัคร', 'บัตร', 'แพลทินัม', 'นี', 'สิทธิ', 'ทา', 'ออ', 'สห', 'รลปอหสฒิน', '๐๐๐๓๐', 'ลทคง', 'อข', 'อู', 'แฑา']",1
Instagram_Product_33.jpeg,"['ปลุก', 'พลัง', 'ตัว', 'ฟรี', 'สมัคร', 'เท', 'ธร', 'ถิร']",1
Instagram_Product_35.jpeg,"['บณชอรคท', 'งาย', 'เพ', 'ยง', 'ขน', 'ตอน', 'แอ', 'ปหอธแ', 'กด', 'สมัคร', 'บริการ', 'เลือก', 'บัณ', 'ชี', 'ออนไลน์', 'เลือก', 'วิธี', 'ตัว', 'ตนัรธีซอฮัต', 'รา', 'ตอก', 'เบี้ย', 'เงื่อนไข', 'เป็นไป', 'ตาน', 'ธนา', 'ครร', 'เทียร', 'ติ', 'นา', 'คิน', 'ภัทร', 'คําพนตไ']",1
Instagram_Product_51.jpeg,"['ผี', 'กิทลท', 'โทร', 'ไห', 'ลส์', 'ไทย', 'ฟ็ออ', 'ป้', 'ทรอ', 'ทา', 'อลหรล', 'ยู', 'ทา', 'ลทห', 'ทล', '๑๑', 'แล่', 'ทรอ', 'เอ', 'ส่ธอน', 'เด', 'มหอแ', 'ผ่', 'รธ์', 'เท', 'ไทย', 'ภิ', 'แข', 'แรง', 'เอ', 'หวน', 'จธ', 'ทา', 'ไอ', 'กร', 'ธอทยธ', 'ทา', 'ทา', 'เท', 'รเชทนอ', '๐๐', 'ฟิ', '๒๐', 'รร', 'ไลย', 'ยอ', 'อ่', 'ทา', 'เท', 'หอ', 'ทล', 'เท', 'ลทหอทลหลทไลอ', 'อร', 'หอน', 'เลนส์', 'โอ', 'ธท', 'ทอ', 'เท', 'ไอ', 'ฮเ', 'เพ', 'ทล', 'ไฟ้าธล', 'เฮ', 'อทห์ท', 'ทา', 'ตอ', 'ธร', 'ทา', 'อค', 'อข', 'อู', 'หุเณฑา']",1
Instagram_Product_53.jpeg,"['ซรวรพเ', '๐๐', 'พง', 'ทา', 'ลทลลสลร์', 'รปนรไล', 'เฮ', 'เท', 'เท', 'สอ', 'ไท', 'ทา', 'อร', 'งลน', 'ปู', 'โห้น', 'ทา', 'เอ', 'ทน', 'ไอ', 'เท', 'อห', '๐๑๒', 'ทรอ', 'เฮ', 'ส่', 'จอง', 'งาย', 'เด', 'ดคร', 'แฟง', 'แฟน', 'พแฟพ', 'เวท', 'รลยล', 'ทา', 'ไอ', 'ตบ', 'ผิ', 'อเนท', 'ไอ', 'ทอ', 'คิว', 'โทร', 'จอง', 'คิว', 'ไว', 'เริ่มต้น', 'บาท', 'สนใจ', 'แอด', 'ไลน์', 'หน้า', 'โปรไฟล์', 'แม่', 'หมอ', 'เลขนะ', 'กา', 'ธออ', 'ไหล', 'ทร', 'ลปทลท', 'ยู', '๒๐', 'ทอง', 'ไอ', 'พร', 'นอ', 'ฮ่ร', 'ไอ', 'สห', 'อน', 'คฉอข', 'อู', 'หุเณฑา']",1
Instagram_Product_56.jpeg,"['ร์', 'เซ', 'ตจ', 'แอ', 'ทฮจ', 'สอบถาม', 'รา', 'คาด', 'ไห', 'เศสบ', 'บร', 'เชารถบส', 'รถ', 'ตู', 'ปลอดภัย', 'เติน', 'เพ', 'นักงาน', 'หา', 'รอ', 'บร', 'มต', 'มาตรา', 'ฐาน', 'สากล', 'ปรึกษา', 'เส้นทาง', 'ฟรี', 'ค่าใช้จ่าย', 'โปร', 'โม', 'ชั้นพิเศษ', 'สด', 'พิเศษ', 'จอง', 'บ่าย', 'ยุ่ง', 'ยา', 'ทเน', 'ผะ']",1
Instagram_Product_57.jpeg,"['กพรหรนน', 'รับสมัคร', 'ตัวแทน', 'บา', 'ทร', 'เพ', 'แห', 'สนับสนุน', 'ค่า', 'อุปกรณ์', 'สนับสนุน', 'ค่าเดินทาง', 'โบนัส', 'ไตรมาส', 'ปี', 'ทา', 'ฟ๋อท', 'ประกาศ', 'บริษัท']",1
Instagram_Product_97.jpeg,"['โย', 'นิ', 'กษ', 'ชี', 'อบ', 'สาย', 'มีประสบการณ์', 'เวิล', 'แล', 'เท', 'ระ', 'เลง', 'รย', '๐๐๐', 'เท', 'ติว', 'ทักษะ', 'เข้ม', 'สายงาน', 'กุ', 'เจียม', 'ผู้เชี่ยวชาญ', 'ตว', 'บาก', 'ทฤษฎี', 'ริม', 'ประสบการณ์', 'ภาร', 'นิ', 'ท้า', 'โปรเจกต์', 'เตรียมตัว', 'สมัคร', 'จา', 'สัมภาษณ์', 'งาน', 'สร้าง', 'คอน', 'เมค', 'ชัน', 'เวล', 'เล', 'เสาร์', 'พศค', '๒๑๐', 'โล', 'วท่', '๐๑', 'เวลาเรียน', 'สด', 'โท', 'นอ', 'แล', 'คิอส', 'ทาษ', 'อิล', 'ทา', 'รง', 'วปุ', 'ณญ', 'วิถี', 'ผ่อย', 'สุ', 'ตา', 'เดือน']",1
Lazada_Product_14.jpeg,"['ปร', 'รองรับ', 'โทรศัพท์มือถือ', 'รองรับ', 'คอมพิวเตอร์', 'แย', '๑๒', 'บลสงคมส', 'บเอ', 'ความจุ', 'เลือก']",1
Lazada_Product_60.jpeg,"['เท', 'อี', 'แล', 'หอ', 'เอ', 'เวางจ', 'หน้าจอ', 'สี', 'แม่', 'แย้', 'พื้นผิว', 'โลหะ', 'เกรด', 'ไห', 'คนต์', 'ไอ', 'อา', 'เห', 'นลง', 'โซ', 'ออง', 'โปรด', 'ติดต่อ', 'พนักงาน', 'สมัคร', 'ใบ', 'กํา', 'ภาษี']",1
Line_Product_38.jpeg,"['โปร', 'ต้อนรับ', 'ชัมเมอร์ปืง', '๕๓', 'ดค', 'แล', 'มง', 'ทา', 'ปร', 'ไมชนจดฟน', 'ซี', 'จอง', 'โปร', 'หัน', 'ของแถม', 'เพียบ', 'กั้งทย์มลท', 'ถ่ายรูป', 'คิ', 'รโห', 'รด', 'คลินิก', 'ทันตกรรม', 'ชี่', 'สไมล์', 'สาขา', 'อุบ', 'ลด', 'ตรงข้าม', 'สวน', 'วนา', 'รมย์', 'คลินิก', 'ทันตกรรม', 'ซี', 'สไมล์', 'สาขา', 'วา', 'ริน', 'โรงพยาบาล', 'วา', 'ริน']",1
Pexels_Product_7.jpeg,"['โทร', 'ลห', 'ต้อ', 'รอ', 'ทห', 'รัล', 'เฮ', 'พอน', 'เวิม', 'อศันแทา', 'เส']",1
Shopee_Product_48.jpeg,"['บธพผว', 'ใบ', 'ทอ', 'ทอ', 'ลด', 'ฉท', 'สมัคร', 'อนุมัติ', 'ไว', 'นาที', 'เครื่อง', 'เปล่า', 'ปิ', 'บา', 'ทิ', 'สมัคร', 'ออนไลน์', 'ประเมิน', 'วง', 'เขิน', 'หน้า', 'ร้าน']",1
Shopee_Product_49.jpeg,"['บบผ', 'วิ', 'บด', '๐๕', 'เวท', 'ทน', 'รล', 'ดอท', 'บัตรประชาชน', 'เครื่อง', 'เปล่า', 'เอก', 'เบี้ย', 'ตํา', 'ดาวน์', 'ผ่อน', 'บา', 'ทิ', 'สมัคร', 'ออนไลน์', 'แล้วไป', 'ประเมิน', 'วง', 'เจิน', 'หน้า', 'ร้าน']",1
Shopee_Product_50.jpeg,"['ทอ', 'ไอ', 'ไห้', 'เครื่อง', 'แพ็ก', 'เริ่มต้น', 'เครื่อง', 'แป', 'ล่า', 'ใม่', 'ติด', 'สัญญา', 'เร', 'ต้น', 'เบือ', 'สมัคร', 'แพ็ก', 'เก', 'กํา', 'งื่อน', 'ไห', 'ป็น', 'ตาบ', 'ริ', 'ษัศฯถําหม', 'บี', 'เม']",1
Shopee_Product_52.jpeg,"['เรอ', 'ทอ', 'ทอย', 'ไทร', 'สมัคร', 'จิ', 'จย', 'ผ่อน', 'ผ่อย', 'ผ่อบ', 'ผ่อย', 'ผ่อน', 'อบ', 'เดือน', 'เดือน', 'เตือบ', 'เดือน', 'เตือน', 'เดือน', 'ไผ่', 'าน', 'อป', 'ราคา', 'ผ่อ', 'เดือน', 'เศรถิด', 'เงิน', 'คืน', 'โต้', 'มจจซ', '๐๓', 'จก', 'วท', 'อทร', 'ไน', 'งก', '๐๓', 'เต', 'ทอ', 'ได', '๐๓', '๒๐', 'นนธะนนล', 'เค', 'กะ', 'ลรอ', 'อพลโชลย', 'ไม้', 'โส', 'ตุ', 'ลอก', 'เชื้อ', 'ต่อย', 'ศึกษา', 'ื้อ', 'ปู', 'เพ', 'ืม', 'เดิม', 'ได', 'ท้า', 'พน', 'โท', 'รง']",1
Unsplash_Product_3.jpeg,"['ฆน', 'แร', 'รร', 'รห', 'แร', 'รฏผร', 'รง', 'หอ', 'รพ', 'หแต', 'ฟี', 'ญ่ผูง', 'โทร', 'ฟอ', 'เอ', 'หจนห', 'ไฮ', 'เฮ', 'ไห', 'เท', '๐๐', 'ไอ', 'เยน', 'นท', 'เวล', 'ลร', 'เลห', 'ธเนแผว่', 'โล', 'ไอ', 'เธสททส', 'หัน', 'ถีง', 'ร้', 'หล', 'แล', 'หล่อ', 'ทอ', 'พพ', 'น่']",1
